SerialNo,CompanyName,Website,Address,Prefecture,BusinessFields,Features,RecruitTags,Email,Phone,Notes,LogoURL
1,アークシステム株式会社,https://www.ark-sys.co.jp/,220-0011　横浜市西区高島2-6-32　横浜東口ウィスポートビル4F,,パッケージソフトウェア、SES,顧客第一、高い技術力、人間尊重,新卒採用 | 中途採用 | インターンシップ | 常駐・派遣,,,新卒採用 | 中途採用 | インターンシップ | 220-0011 横浜市西区高島2-6-32 横浜東口ウィスポートビル4F | パッケージソフトウェア、SES | 顧客第一、高い技術力、人間尊重 |,
2,アーズ総合開発株式会社,http://www.arz.co.jp/,140-0001　東京都品川区北品川3-6-2　品川MSビル8F,東京都,特長,,,,,140-0001 東京都品川区北品川3-6-2 品川MSビル8F |,
3,アーネスト開発株式会社,https://www.earnestdevelopment.co.jp/,230-0075　横浜市鶴見区上の宮1-36-2,,SES,,中途採用,,,中途採用 | 230-0075 横浜市鶴見区上の宮1-36-2 | SES |,
4,アーバン・コーポレーション株式会社,http://urban-web.co.jp/,220-0011　横浜市西区高島1-2-5　横濱ゲートタワー16F,,特長,,,,,220-0011 横浜市西区高島1-2-5 横濱ゲートタワー16F |,
5,アイエスシー株式会社,http://www.isc-net.co.jp,211-0002　川崎市中原区上丸子山王町1-874-5　ユーテムビル2階,,特長,,,,,211-0002 川崎市中原区上丸子山王町1-874-5 ユーテムビル2階 |,
6,株式会社ＩＳＴソフトウェア,http://www.ist-software.co.jp/,144-8721　東京都大田区蒲田5-37-1　ニッセイアロマスクエア13F,東京都,受託開発ソフトウェア、組み込みソフトウェア、パッケージソフトウェア、情報処理サービス、ネットワーク・通信関連、SES、インターネット利用サポート（情報ネットワーク・セキュリティ・サービス）,,新卒採用 | 中途採用 | インターンシップ | 常駐・派遣,,,新卒採用 | 中途採用 | インターンシップ | 144-8721 東京都大田区蒲田5-37-1 ニッセイアロマスクエア13F | 受託開発ソフトウェア、組み込みソフトウェア、パッケージソフトウェア、情報処理サービス、ネットワーク・通信関連、SES、インターネット利用サポート（情報ネットワーク・セキュリティ・サービス） |,
7,株式会社アイキャル,https://www.ical.jp/,221-0844　横浜市神奈川区沢渡1-2　Ｊプロ高島台サウスビル5F,,情報処理サービス,,新卒採用 | 中途採用 | インターンシップ | 常駐・派遣,,,新卒採用 | 中途採用 | インターンシップ | 221-0844 横浜市神奈川区沢渡1-2 Ｊプロ高島台サウスビル5F | 情報処理サービス |,
8,株式会社ＩＣＯＮ,http://www.e-icon.co.jp/,221-0834　横浜市神奈川区台町13-19　三栄ビル3F,,特長,,,,,221-0834 横浜市神奈川区台町13-19 三栄ビル3F |,
9,株式会社アイ・ジー・スクウェア,https://www.igsquare.co.jp/,220-0004　横浜市西区北幸2-10-27　東武立野ビル3F,,情報処理サービス、SES,,新卒採用 | 常駐・派遣,,,新卒採用 | 220-0004 横浜市西区北幸2-10-27 東武立野ビル3F | 情報処理サービス、SES |,
10,アイシス株式会社,http://www.isis.co.jp/,215-0004　川崎市麻生区万福寺1-1-1 新百合ヶ丘シティビルディング3F,,組み込みソフトウェア、パッケージソフトウェア、情報処理サービス、その他の情報サービス、SES,,新卒採用 | 中途採用 | 常駐・派遣,,,新卒採用 | 中途採用 | 215-0004 川崎市麻生区万福寺1-1-1 新百合ヶ丘シティビルディング3F | 組み込みソフトウェア、パッケージソフトウェア、情報処理サービス、その他の情報サービス、SES |,
11,株式会社アイセル,http://www.aisel.ne.jp/,110-0005　東京都台東区上野3-24-6　上野フロンティアタワー12F,東京都,受託開発ソフトウェア、組み込みソフトウェア、情報処理サービス、その他の情報サービス,,新卒採用 | 中途採用 | インターンシップ | 常駐・派遣,,,新卒採用 | 中途採用 | インターンシップ | 110-0005 東京都台東区上野3-24-6 上野フロンティアタワー12F | 受託開発ソフトウェア、組み込みソフトウェア、情報処理サービス、その他の情報サービス |,
12,株式会社ＩＴＳコア,https://www.its-core.co.jp/,222-0033　横浜市港北区新横浜2-14-27　新横浜第一ビルディング4F,,受託開発ソフトウェア、パッケージソフトウェア、情報処理サービス、その他の情報サービス、その他インターネット付随サービス,ITSコアはプロフェッショナルな集団として技術力×チーム力×人間力を融合させ、お客様のビジョンに合った価値あるITサービスを提供しています。,新卒採用 | 中途採用 | インターンシップ | 常駐・派遣,,,新卒採用 | 中途採用 | インターンシップ | 222-0033 横浜市港北区新横浜2-14-27 新横浜第一ビルディング4F | 受託開発ソフトウェア、パッケージソフトウェア、情報処理サービス、その他の情報サービス、その他インターネット付随サービス | ITSコアはプロフェッショナルな集団として技術力×チーム力×人間力を融合させ、お客様のビジョンに合った価値あるITサービスを提供しています。 |,
13,株式会社アイティサーフ,https://it-surf.co.jp/,231-0002　横浜市中区海岸通4-23　マリンビル309,,受託開発ソフトウェア、SES,,新卒採用 | 中途採用 | 常駐・派遣,,,新卒採用 | 中途採用 | 231-0002 横浜市中区海岸通4-23 マリンビル309 | 受託開発ソフトウェア、SES |,
14,株式会社アイテック,http://www.itec.co.jp,143-0006　東京都大田区平和島6-1-1　センタービル8F,東京都,その他の情報サービス、SES,情報処理技術者試験対策として、民間第1号の教育センターとして創業した、IT技術者教育全般に強みを持つ教育会社です。,中途採用 | 常駐・派遣,takuma_toku@itec.co.jp,,中途採用 | 143-0006 東京都大田区平和島6-1-1 センタービル8F | その他の情報サービス、SES | 情報処理技術者試験対策として、民間第1号の教育センターとして創業した、IT技術者教育全般に強みを持つ教育会社です。 | 内定者・新入社員教育、階層別教育、ヒューマンスキル教育、プロジェクトマネジメント教育、DX・生成AI教育など、幅広くご提供しております。 | 教育課題をお持ちの方は、是非ご連絡ください。 | 株式会社アイテック 法人営業部 徳（トク） |,
15,アイテックジャパン株式会社,http://www.itec-japan.co.jp/,141-0031　東京都品川区西五反田8-1-3　PMO五反田6F,東京都,受託開発ソフトウェア、情報処理サービス,,新卒採用 | 中途採用 | 常駐・派遣,,,新卒採用 | 中途採用 | 141-0031 東京都品川区西五反田8-1-3 PMO五反田6F | 受託開発ソフトウェア、情報処理サービス |,
16,株式会社アイネステクノロジーズ,https://iti.ines.co.jp,244-0801　横浜市戸塚区品濃町549-2　三宅ビル3F,,特長,,,,,244-0801 横浜市戸塚区品濃町549-2 三宅ビル3F |,
17,株式会社アイネックス,https://www.inex.co.jp/index.html,221-0835　横浜市神奈川区鶴屋町2-23-5　銀洋第２ビル2F,,受託開発ソフトウェア、パッケージソフトウェア、情報処理サービス、SES,,新卒採用 | 中途採用 | 常駐・派遣,,,新卒採用 | 中途採用 | 221-0835 横浜市神奈川区鶴屋町2-23-5 銀洋第２ビル2F | 受託開発ソフトウェア、パッケージソフトウェア、情報処理サービス、SES |,
18,株式会社アイネット,https://www.inet.co.jp/,220-0012　横浜市西区みなとみらい5-1-2　横浜シンフォステージ ウエストタワー13F,,情報処理サービス,理系・文系を問わず、全学部・全学科を対象に、“明るく、元気で、やる気のある、コミュニケーション能力に長けた方”を求めています!,新卒採用 | 中途採用 | インターンシップ | 常駐・派遣,,,新卒採用 | 中途採用 | インターンシップ | 220-0012 横浜市西区みなとみらい5-1-2 横浜シンフォステージ ウエストタワー13F | 情報処理サービス | 理系・文系を問わず、全学部・全学科を対象に、“明るく、元気で、やる気のある、コミュニケーション能力に長けた方”を求めています! |,
19,株式会社アイネット・データサービス,https://www.inet-d.co.jp/,244-0813　横浜市戸塚区舞岡町644-12,,その他の情報サービス,,,,,244-0813 横浜市戸塚区舞岡町644-12 | その他の情報サービス |,
20,株式会社アイ・ピー・エル,http://www.ipl-soft.co.jp,243-0018　厚木市中町4-9-17,,受託開発ソフトウェア、組み込みソフトウェア、ゲーム・アプリソフトウェア,世界トップレベルの動画配信技術を開発し、クラウド型動画配信プラットフォーム「クラストリーム」を提供しています。ソフトウェアの企画、開発、販売、運営までを提供する、ソフトウェアサービス事業者です。,中途採用 | 常駐・派遣,,,中途採用 | 243-0018 厚木市中町4-9-17 | 受託開発ソフトウェア、組み込みソフトウェア、ゲーム・アプリソフトウェア | 世界トップレベルの動画配信技術を開発し、クラウド型動画配信プラットフォーム「クラストリーム」を提供しています。ソフトウェアの企画、開発、販売、運営までを提供する、ソフトウェアサービス事業者です。 |,
21,株式会社アイポケット,https://www.i-pocket.co.jp/,231-0023　横浜市中区山下町194　横浜ニューポートビル3F,,その他インターネット付随サービス,,中途採用,,,中途採用 | 231-0023 横浜市中区山下町194 横浜ニューポートビル3F | その他インターネット付随サービス |,
22,株式会社アイルミッション,https://www.aillumission.co.jp/,220-0011　横浜市西区高島1-1-2　横浜三井ビルディング19F,,受託開発ソフトウェア、ネットワーク・通信関連,業務コンサル・ICT環境構築・システム開発・セキュリティと4つのビジネスドメインに携わる弊社だからこそ、働き方改革推進への“壁”となる「技術」「業務整理」両面の課題にトータルサポートで対応する事が可能です。,新卒採用 | 中途採用 | 常駐・派遣,,,新卒採用 | 中途採用 | 220-0011 横浜市西区高島1-1-2 横浜三井ビルディング19F | 受託開発ソフトウェア、ネットワーク・通信関連 | 業務コンサル・ICT環境構築・システム開発・セキュリティと4つのビジネスドメインに携わる弊社だからこそ、働き方改革推進への“壁”となる「技術」「業務整理」両面の課題にトータルサポートで対応する事が可能です。 |,
23,株式会社Ａｉｎ,http://www.kk-ain.co.jp,150-0031　東京都渋谷区桜丘町29-29-801,東京都,特長,,,,150-0031　東京都渋谷区桜丘町29-29-801,,
24,株式会社アヴァンティ,https://www.piu-avanti.com/,243-0427　海老名市杉久保南2-8-15,,ネットワーク・通信関連、ポータルサイト・サーバ運営、インターネット利用サポート（情報ネットワーク・セキュリティ・サービス）,サーバやネットワークなどのITインフラストラクチャーの設計、構築、運用を専業としている会社です。,新卒採用 | 中途採用 | 常駐・派遣,,,新卒採用 | 中途採用 | 243-0427 海老名市杉久保南2-8-15 | ネットワーク・通信関連、ポータルサイト・サーバ運営、インターネット利用サポート（情報ネットワーク・セキュリティ・サービス） | サーバやネットワークなどのITインフラストラクチャーの設計、構築、運用を専業としている会社です。 | 新卒、既卒を募集しています。 |,
25,株式会社 アクウェア,https://www.acquware.com,243-0018　厚木市中町2-7-6　LGビル7F,,受託開発ソフトウェア、パッケージソフトウェア、その他の情報サービス、SES、その他インターネット付随サービス,・技術トレンドを活用しワクワクしたい！,新卒採用 | 中途採用 | 常駐・派遣,,,新卒採用 | 中途採用 | 243-0018 厚木市中町2-7-6 LGビル7F | 受託開発ソフトウェア、パッケージソフトウェア、その他の情報サービス、SES、その他インターネット付随サービス | ・技術トレンドを活用しワクワクしたい！ | ・お客様と積極的に会話したい。 | ・自分の意見を積極的に発言し会社を変えていきたい。 | ・仕事もプライベートも充実させたいなど | 未経験でも、努力を惜しまない方大歓迎です！ |,
26,株式会社アクティブ,http://www.active-web.co.jp,246-0015　横浜市瀬谷区本郷3-2-12　ヒラオビル2F,,情報処理サービス、ネットワーク・通信関連、SES,,新卒採用 | 中途採用 | 常駐・派遣,,,新卒採用 | 中途採用 | 246-0015 横浜市瀬谷区本郷3-2-12 ヒラオビル2F | 情報処理サービス、ネットワーク・通信関連、SES |,
27,株式会社アクロイト,https://www.acroit.co.jp/,213-0012　川崎市高津区坂戸3-2-1　KSP西棟300-A,,受託開発ソフトウェア、組み込みソフトウェア、情報処理サービス、情報提供サービス、その他の情報サービス、ネットワーク・通信関連、SES,常駐、派遣業務が主体ですが、Webシステムの受託開発も可能です。,新卒採用 | 中途採用 | インターンシップ | 常駐・派遣,,,新卒採用 | 中途採用 | インターンシップ | 213-0012 川崎市高津区坂戸3-2-1 KSP西棟300-A | 受託開発ソフトウェア、組み込みソフトウェア、情報処理サービス、情報提供サービス、その他の情報サービス、ネットワーク・通信関連、SES | 常駐、派遣業務が主体ですが、Webシステムの受託開発も可能です。 | 小規模企業、初めてのIT導入のきっかけになる勤怠システム（SuySuy）も販売中です。 |,
28,あさかわシステムズ株式会社 東京支店,https://www.a-sk.co.jp/,143-0016　東京都大田区大森北1-11-1　柳原大森ビル,東京都,特長,,,,,143-0016 東京都大田区大森北1-11-1 柳原大森ビル |,
29,朝日ソフトウェア開発株式会社,https://www.asdweb.co.jp,210-0005　川崎市川崎区東田町８番地　パレール三井ビル15F,,受託開発ソフトウェア、組み込みソフトウェア、情報処理サービス,,新卒採用 | 中途採用 | 常駐・派遣,,,新卒採用 | 中途採用 | 210-0005 川崎市川崎区東田町８番地 パレール三井ビル15F | 受託開発ソフトウェア、組み込みソフトウェア、情報処理サービス |,
30,株式会社アズ・ソフトウェア・デザイン,http://www.asd-net.co.jp,216-0006　川崎市宮前区宮前平1-7-5　ブラムフィールド2F,,特長,,,,,216-0006 川崎市宮前区宮前平1-7-5 ブラムフィールド2F |,
31,株式会社愛宕,http://www.ata5.jp,210-0005　川崎市川崎区東田町9-6　ジブラルタ生命川崎ビル8F,,受託開発ソフトウェア、パッケージソフトウェア、ゲーム・アプリソフトウェア、情報処理サービス、ネットワーク・通信関連、ポータルサイト・サーバ運営、SES,,新卒採用 | 中途採用 | インターンシップ | 常駐・派遣,,,新卒採用 | 中途採用 | インターンシップ | 210-0005 川崎市川崎区東田町9-6 ジブラルタ生命川崎ビル8F | 受託開発ソフトウェア、パッケージソフトウェア、ゲーム・アプリソフトウェア、情報処理サービス、ネットワーク・通信関連、ポータルサイト・サーバ運営、SES |,
32,株式会社アップロード,http://www.upload21.jp/,105-0013　東京都港区浜松町2-2-15　浜松町ダイヤハイツ1002号,東京都,受託開発ソフトウェア、SES,・ネットワークのハード、ソフト面に強い技術者,新卒採用 | 中途採用 | 常駐・派遣,,,新卒採用 | 中途採用 | 105-0013 東京都港区浜松町2-2-15 浜松町ダイヤハイツ1002号 | 受託開発ソフトウェア、SES | ・ネットワークのハード、ソフト面に強い技術者 | ・事務委託業務に強みがあります |,
33,株式会社アドテック,https://www.adtec.co.jp,104-0045　東京都中央区築地2-1-17　陽光築地ビル,東京都,受託開発ソフトウェア、組み込みソフトウェア、ネットワーク・通信関連,メモリモジュールの製造販売、電子部品およびコンピュータ関連製品の企画・開発・製造ならびに販売事業に加え、各種サーバー製品、産業用PC、ネットワーク機器、IoT関連製品等の開発販売も行っております。,新卒採用 | 中途採用,,,新卒採用 | 中途採用 | 104-0045 東京都中央区築地2-1-17 陽光築地ビル | 受託開発ソフトウェア、組み込みソフトウェア、ネットワーク・通信関連 | メモリモジュールの製造販売、電子部品およびコンピュータ関連製品の企画・開発・製造ならびに販売事業に加え、各種サーバー製品、産業用PC、ネットワーク機器、IoT関連製品等の開発販売も行っております。 |,
34,アドバンスドプランニング株式会社,http://www.apc-inet.co.jp,222-0033　横浜市港北区新横浜2-7-17　KAKiYAビル2F,,受託開発ソフトウェア、組み込みソフトウェア、ネットワーク・通信関連,制御系ソフトウェア開発を１００％受託開発で行っています。その中でも組み込み系ソフトウェア開発が半数を占めます。,新卒採用 | 中途採用,,,新卒採用 | 中途採用 | 222-0033 横浜市港北区新横浜2-7-17 KAKiYAビル2F | 受託開発ソフトウェア、組み込みソフトウェア、ネットワーク・通信関連 | 制御系ソフトウェア開発を１００％受託開発で行っています。その中でも組み込み系ソフトウェア開発が半数を占めます。 |,
35,株式会社アトムシステム,https://www.atomsystem.co.jp/,251-8543　藤沢市鵠沼東1-1　玉半ビル5F,,受託開発ソフトウェア、組み込みソフトウェア、パッケージソフトウェア、その他の情報サービス,各種システムに加え、AI、IoT、Cloudなど先端技術にも注力しています。,新卒採用 | 中途採用 | 常駐・派遣,,,新卒採用 | 中途採用 | 251-8543 藤沢市鵠沼東1-1 玉半ビル5F | 受託開発ソフトウェア、組み込みソフトウェア、パッケージソフトウェア、その他の情報サービス | 各種システムに加え、AI、IoT、Cloudなど先端技術にも注力しています。 |,
36,株式会社アナザーウェア,http://www.another-ware.co.jp,221-0835　横浜市神奈川区鶴屋町2-21-8　第１安田ビル6F,,受託開発ソフトウェア、組み込みソフトウェア、パッケージソフトウェア、情報処理サービス、ネットワーク・通信関連、SES,ITを味方に、事業戦略を策定し、,新卒採用 | 中途採用 | 常駐・派遣,,,新卒採用 | 中途採用 | 221-0835 横浜市神奈川区鶴屋町2-21-8 第１安田ビル6F | 受託開発ソフトウェア、組み込みソフトウェア、パッケージソフトウェア、情報処理サービス、ネットワーク・通信関連、SES | ITを味方に、事業戦略を策定し、 | システムの企画立案から設計・製造・運用の管理までワンストップでお客様をサポートします |,
37,株式会社アプトシステム,http://www.aptsys.co.jp/,221-0835　横浜市神奈川区鶴屋町2-26-4　第3安田ビル3F,,受託開発ソフトウェア、組み込みソフトウェア,,新卒採用 | 常駐・派遣,,,新卒採用 | 221-0835 横浜市神奈川区鶴屋町2-26-4 第3安田ビル3F | 受託開発ソフトウェア、組み込みソフトウェア |,
38,株式会社アプリコット,https://www.apricotinc.co.jp/,210-0007　川崎市川崎区駅前本町11-2　川崎フロンティアビル8F,,情報処理サービス,,新卒採用 | 中途採用 | 常駐・派遣,,,新卒採用 | 中途採用 | 210-0007 川崎市川崎区駅前本町11-2 川崎フロンティアビル8F | 情報処理サービス |,
39,アマノ株式会社,https://www.amano.co.jp/,222-8558　横浜市港北区大豆戸275,,組み込みソフトウェア、パッケージソフトウェア、ネットワーク・通信関連、ASPサービス,,新卒採用 | 中途採用 | インターンシップ,,,新卒採用 | 中途採用 | インターンシップ | 222-8558 横浜市港北区大豆戸275 | 組み込みソフトウェア、パッケージソフトウェア、ネットワーク・通信関連、ASPサービス |,
40,株式会社アミエル,https://keirimarugoto.com/,222-0033　横浜市港北区新横浜2-5-9　新横浜フジオカビル６F,,特長,,,,,222-0033 横浜市港北区新横浜2-5-9 新横浜フジオカビル６F |,
41,アリサフテック・ジャパン株式会社,https://arisaftech.co.jp/,231-0062　横浜市中区桜木町2-2　港陽ビル4F,,受託開発ソフトウェア,アリサフテックは日本を営業拠点、バングラデシュに開発拠点を置くシステム開発会社です。,,,,231-0062 横浜市中区桜木町2-2 港陽ビル4F | 受託開発ソフトウェア | アリサフテックは日本を営業拠点、バングラデシュに開発拠点を置くシステム開発会社です。 | 請負での受託開発や準委任でのラボ型開発をメインの事業としております。 |,
42,株式会社アルネッツ,https://alnetz.co.jp/,231-0005　横浜市中区本町1-3　綜通横浜ビル10F,,受託開発ソフトウェア、組み込みソフトウェア、パッケージソフトウェア、ゲーム・アプリソフトウェア、情報処理サービス、情報提供サービス、その他の情報サービス、ポータルサイト・サーバ運営、SES、ASPサービス、インターネット利用サポート（情報ネットワーク・セキュリティ・サービス）、その他インターネット付随サービス,“超速”で『価値ある未来』を創造る。また、お客様が本当に困っている時、誰にも助けてもらえない、そんな状況をITの技術、経験等全てをかけてお手伝いしながら、私たちも一緒に成長をして参りたいと思っております。MendixというLowCode開発が可能なシステムを活用し、内製化支援を中心にお客様のDX支援を行っています。,新卒採用 | 中途採用 | 常駐・派遣,,,新卒採用 | 中途採用 | 231-0005 横浜市中区本町1-3 綜通横浜ビル10F | 受託開発ソフトウェア、組み込みソフトウェア、パッケージソフトウェア、ゲーム・アプリソフトウェア、情報処理サービス、情報提供サービス、その他の情報サービス、ポータルサイト・サーバ運営、SES、ASPサービス、インターネット利用サポート（情報ネットワーク・セキュリティ・サービス）、その他インターネット付随サービス | “超速”で『価値ある未来』を創造る。また、お客様が本当に困っている時、誰にも助けてもらえない、そんな状況をITの技術、経験等全てをかけてお手伝いしながら、私たちも一緒に成長をして参りたいと思っております。MendixというLowCode開発が可能なシステムを活用し、内製化支援を中心にお客様のDX支援を行っています。 |,
43,株式会社アルファ・ウェーブ,http://www.alphawave.co.jp/,108-0073　東京都港区三田2-18-5　アルファ・ウェーブビル,東京都,受託開発ソフトウェア、パッケージソフトウェア、その他の情報サービス、ネットワーク・通信関連、SES,,新卒採用 | 中途採用 | 常駐・派遣,,,新卒採用 | 中途採用 | 108-0073 東京都港区三田2-18-5 アルファ・ウェーブビル | 受託開発ソフトウェア、パッケージソフトウェア、その他の情報サービス、ネットワーク・通信関連、SES |,
44,株式会社アルファメディア,http://www.alphamedia.co.jp/,211-0063　川崎市中原区小杉町3-264-3　ユニオンビル１F・3F,,特長,,,,,211-0063 川崎市中原区小杉町3-264-3 ユニオンビル１F・3F |,
45,株式会社アローシステムズ,http://arrow-systems.co.jp/,231-0004　横浜市中区元浜町3-21-2　ヘリオス関内3F,,受託開発ソフトウェア、情報処理サービス,,新卒採用 | 常駐・派遣,,,新卒採用 | 231-0004 横浜市中区元浜町3-21-2 ヘリオス関内3F | 受託開発ソフトウェア、情報処理サービス |,
46,株式会社アローズ・システムズ,https://www.arrows-systems.co.jp/,220-6007　横浜市西区みなとみらい2-3-1　クイーンズタワーA7F,,受託開発ソフトウェア、ゲーム・アプリソフトウェア、情報処理サービス、情報提供サービス、SES,,新卒採用 | 中途採用 | インターンシップ | 常駐・派遣,,,新卒採用 | 中途採用 | インターンシップ | 220-6007 横浜市西区みなとみらい2-3-1 クイーンズタワーA7F | 受託開発ソフトウェア、ゲーム・アプリソフトウェア、情報処理サービス、情報提供サービス、SES |,
47,And One Software Engineering 株式会社,https://andone-eng.co.jp/,210-0012　川崎市川崎区宮前町2-2　川崎エヌズビル2F,,特長,ソフトウェアエンジニアリングの名通り、,,,,210-0012 川崎市川崎区宮前町2-2 川崎エヌズビル2F | ソフトウェアエンジニアリングの名通り、 | 少数ですがソフトウェア開発の精鋭が揃っています |,
48,株式会社ＥＳＵ,http://www.esu.co.jp,220-0003　横浜市西区楠町27-9　横浜ウエストビル501号室,,ネットワーク・通信関連,,常駐・派遣,,,220-0003 横浜市西区楠町27-9 横浜ウエストビル501号室 | ネットワーク・通信関連 |,
49,株式会社イオ,https://www.system-io.co.jp/,221-0052　横浜市神奈川区栄町2-9　東部ヨコハマビル4F,,受託開発ソフトウェア、組み込みソフトウェア、ネットワーク・通信関連,ホームページの社内行事を見て頂ければ分かりますが、アットホームな会社です。仕事になれば真剣に取り組む社員ばかりです。一緒に挑戦し続ける方を募集しています！！,新卒採用 | 中途採用 | インターンシップ | 常駐・派遣,,,新卒採用 | 中途採用 | インターンシップ | 221-0052 横浜市神奈川区栄町2-9 東部ヨコハマビル4F | 受託開発ソフトウェア、組み込みソフトウェア、ネットワーク・通信関連 | ホームページの社内行事を見て頂ければ分かりますが、アットホームな会社です。仕事になれば真剣に取り組む社員ばかりです。一緒に挑戦し続ける方を募集しています！！ |,
50,株式会社イグアス,https://www.i-guazu.co.jp/,212-0013　川崎市幸区堀川町580　ソリッドスクエア西館21F,,特長,,,,,212-0013 川崎市幸区堀川町580 ソリッドスクエア西館21F |,
51,株式会社一,http://1corp.co.jp,151-0051　東京都渋谷区千駄ヶ谷5-21-6　プラザＦ１ビル5F,東京都,特長,,,,,151-0051 東京都渋谷区千駄ヶ谷5-21-6 プラザＦ１ビル5F |,
52,イマジネーション株式会社,https://www.imagination.co.jp/,231-0023　横浜市中区山下町2 産業貿易センタービル2階,,受託開発ソフトウェア、パッケージソフトウェア、情報処理サービス、SES,,中途採用 | 常駐・派遣,,,中途採用 | 231-0023 横浜市中区山下町2 産業貿易センタービル2階 | 受託開発ソフトウェア、パッケージソフトウェア、情報処理サービス、SES |,
53,株式会社イマジン,http://www.kk-imagine.com/,221-0835　横浜市神奈川区鶴屋町2-26-4　第3安田ビル8F,,特長,,,,,221-0835 横浜市神奈川区鶴屋町2-26-4 第3安田ビル8F |,
54,株式会社イレブンラボ,https://www.eleven-lab.co.jp/,210-0007　川崎市川崎区駅前本町10-5　クリエ川崎6F,,特長,,,,,210-0007 川崎市川崎区駅前本町10-5 クリエ川崎6F |,
55,インバースネット株式会社,https://www.inversenet.co.jp/,221-0031　横浜市神奈川区新浦島町1-1-25　テクノウェイブ100ビル 8F,,特長,,,,,221-0031 横浜市神奈川区新浦島町1-1-25 テクノウェイブ100ビル 8F |,
56,株式会社インフォテック・サーブ,https://www.infotech-s.co.jp/,101-0052　東京都千代田区神田小川町1-8-5　金石舎ビル7F,東京都,その他の情報サービス,,新卒採用 | 中途採用 | インターンシップ,,,新卒採用 | 中途採用 | インターンシップ | 101-0052 東京都千代田区神田小川町1-8-5 金石舎ビル7F | その他の情報サービス |,
57,インフォメーションサービスフォース株式会社,https://www.isforce.jp/,105-0001　東京都港区虎ノ門1-21-19　東急虎ノ門ビル8F,東京都,受託開発ソフトウェア、パッケージソフトウェア、SES,,新卒採用 | 中途採用 | 常駐・派遣,,,新卒採用 | 中途採用 | 105-0001 東京都港区虎ノ門1-21-19 東急虎ノ門ビル8F | 受託開発ソフトウェア、パッケージソフトウェア、SES |,
58,株式会社インフォリンク,http://www.inflnk.co.jp/,212-0013　川崎市幸区堀川町580　ソリッドスクエア西館8F,,情報処理サービス、ネットワーク・通信関連、ポータルサイト・サーバ運営,ITインフラに特化した会社/インフラ設計構築・運用支援企業。大手ベンダと安定的に取引、技術力が強みです。,新卒採用 | 中途採用 | 常駐・派遣,,,新卒採用 | 中途採用 | 212-0013 川崎市幸区堀川町580 ソリッドスクエア西館8F | 情報処理サービス、ネットワーク・通信関連、ポータルサイト・サーバ運営 | ITインフラに特化した会社/インフラ設計構築・運用支援企業。大手ベンダと安定的に取引、技術力が強みです。 |,
59,ヴァングル株式会社,https://www.vangle.co.jp/,222-0033　横浜市港北区新横浜2-5-15　新横浜センタービル4F,,受託開発ソフトウェア、パッケージソフトウェア、ネットワーク・通信関連,「IT運営に新たな選択肢を」を掲げ、企業のお客様のIT課題を上流から支援しています。,新卒採用 | 中途採用,,,新卒採用 | 中途採用 | 222-0033 横浜市港北区新横浜2-5-15 新横浜センタービル4F | 受託開発ソフトウェア、パッケージソフトウェア、ネットワーク・通信関連 | 「IT運営に新たな選択肢を」を掲げ、企業のお客様のIT課題を上流から支援しています。 | 「お客様の課題を整理し、仕様を言語化し、関係者の合意を取りながらプロジェクトを前に進める」ことが私たちの価値です。 |,
60,ウィザース・システム株式会社,http://withearth-system.com/,254-0807　平塚市代官町5-8　新堀ギタービル平塚303,,受託開発ソフトウェア、組み込みソフトウェア、情報処理サービス、情報提供サービス、その他の情報サービス、SES,プラント系ソフトウェア開発受託・技術者提供が5割、IT系ソフトウェア開発技術者(組込系・WEB系、汎用系)提供が3割、ヘルプデスク系・運用管理系技術者提供が2割の技術者提供の会社となっております。,中途採用 | 常駐・派遣,,,中途採用 | 254-0807 平塚市代官町5-8 新堀ギタービル平塚303 | 受託開発ソフトウェア、組み込みソフトウェア、情報処理サービス、情報提供サービス、その他の情報サービス、SES | プラント系ソフトウェア開発受託・技術者提供が5割、IT系ソフトウェア開発技術者(組込系・WEB系、汎用系)提供が3割、ヘルプデスク系・運用管理系技術者提供が2割の技術者提供の会社となっております。 |,
61,ヴェストソフトウェア株式会社,http://www.vest.co.jp,236-0004　横浜市金沢区福浦1-1　横浜金沢ハイテクセンタービル,,受託開発ソフトウェア、パッケージソフトウェア、情報処理サービス,,新卒採用 | 中途採用 | 常駐・派遣,,,新卒採用 | 中途採用 | 236-0004 横浜市金沢区福浦1-1 横浜金沢ハイテクセンタービル | 受託開発ソフトウェア、パッケージソフトウェア、情報処理サービス |,
62,株式会社ウェブフロンティア,https://webfrontier.co.jp/,220-8131　横浜市西区みなとみらい2-2-1　横浜ランドマークタワー31階,,受託開発ソフトウェア、組み込みソフトウェア、パッケージソフトウェア、ゲーム・アプリソフトウェア、情報処理サービス、情報提供サービス,Webアプリ／スマホアプリ／組込システムの開発、特にIoTの技術領域に強みを持つ。,新卒採用 | 中途採用 | インターンシップ | 常駐・派遣,,,新卒採用 | 中途採用 | インターンシップ | 220-8131 横浜市西区みなとみらい2-2-1 横浜ランドマークタワー31階 | 受託開発ソフトウェア、組み込みソフトウェア、パッケージソフトウェア、ゲーム・アプリソフトウェア、情報処理サービス、情報提供サービス | Webアプリ／スマホアプリ／組込システムの開発、特にIoTの技術領域に強みを持つ。 |,
63,株式会社エーアイネット・テクノロジ,https://www.a-inet.jp/,220-0011　横浜市西区高島2-6-32　横浜東口ウィスポートビル3F,,受託開発ソフトウェア、SES,「チームAINet」は未来を創造し,新卒採用 | 中途採用 | 常駐・派遣,,,新卒採用 | 中途採用 | 220-0011 横浜市西区高島2-6-32 横浜東口ウィスポートビル3F | 受託開発ソフトウェア、SES | 「チームAINet」は未来を創造し | より楽しい今を実現します |,
64,株式会社エースリー,http://www.acely.co.jp/,231-0023　横浜市中区山下町74-1　大和地所ビル3F,,特長,,,,,231-0023 横浜市中区山下町74-1 大和地所ビル3F |,
65,株式会社 a－Ｌｉｎｋ,https://www.alink-group.co.jp/,222-0033　横浜市港北区新横浜3-9-18　新横浜TECHビルA館2F,,受託開発ソフトウェア、組み込みソフトウェア,,新卒採用 | 中途採用 | 常駐・派遣,,,新卒採用 | 中途採用 | 222-0033 横浜市港北区新横浜3-9-18 新横浜TECHビルA館2F | 受託開発ソフトウェア、組み込みソフトウェア |,
66,株式会社エイ・シー・ティ,http://a-c-t.co.jp,251-0052　藤沢市藤沢1057-27,,受託開発ソフトウェア、パッケージソフトウェア,湘南にて３０年以上のシステム開発実績、夢と健全な事業活動を次世代に継承しつづける企業です,新卒採用 | 中途採用 | インターンシップ | 常駐・派遣,,,新卒採用 | 中途採用 | インターンシップ | 251-0052 藤沢市藤沢1057-27 | 受託開発ソフトウェア、パッケージソフトウェア | 湘南にて３０年以上のシステム開発実績、夢と健全な事業活動を次世代に継承しつづける企業です |,
67,株式会社エクス,https://www.ex-s.co.jp/,101-0048　東京都千代田区神田司町2-6　神田平沼ビル,東京都,受託開発ソフトウェア、組み込みソフトウェア,ソフトウェア開発、ハードウェア開発,新卒採用 | 中途採用,,,新卒採用 | 中途採用 | 101-0048 東京都千代田区神田司町2-6 神田平沼ビル | 受託開発ソフトウェア、組み込みソフトウェア | ソフトウェア開発、ハードウェア開発 |,
68,エスアイマネジメント株式会社,https://www.si-m.com/,150-0031　東京都渋谷区桜丘町4-17　POTAL Apartment & Art POINT 302,東京都,特長,幅広い業界のシステムを構築し運営管理、導入サポートをしております。,,,,150-0031 東京都渋谷区桜丘町4-17 POTAL Apartment & Art POINT 302 | 幅広い業界のシステムを構築し運営管理、導入サポートをしております。 |,
69,S&A JAPAN株式会社,http://www.sanda-japan.jp/,221-0004　横浜市神奈川区西大口91-33,,SES,,中途採用 | 常駐・派遣,,,中途採用 | 221-0004 横浜市神奈川区西大口91-33 | SES |,
70,株式会社エスエフシー新潟,http://www.sfc-niigata.co.jp/,101-0032　東京都千代田区岩本町2-11-7　A&Kビル6F,東京都,パッケージソフトウェア,病院向け自社製パッケージソフトの販売・保守をしております。,新卒採用 | 中途採用 | インターンシップ,,,新卒採用 | 中途採用 | インターンシップ | 101-0032 東京都千代田区岩本町2-11-7 A&Kビル6F | パッケージソフトウェア | 病院向け自社製パッケージソフトの販売・保守をしております。 |,
71,SGビジネス株式会社,https://www.sgb.co.jp/,224-0003　横浜市都筑区中川中央1-37-23　ルネス・ヴィクトワール,,受託開発ソフトウェア、組み込みソフトウェア、情報処理サービス、情報提供サービス、その他の情報サービス、ネットワーク・通信関連,,新卒採用 | 中途採用 | 常駐・派遣,,,新卒採用 | 中途採用 | 224-0003 横浜市都筑区中川中央1-37-23 ルネス・ヴィクトワール | 受託開発ソフトウェア、組み込みソフトウェア、情報処理サービス、情報提供サービス、その他の情報サービス、ネットワーク・通信関連 |,
72,株式会社エターナルサイエンス,http://www.eternal.co.jp,211-0004　川崎市中原区新丸子東2-925-8　武蔵小杉三枝ビル2Ｆ,,受託開発ソフトウェア,会社、社員、客先の三者鼎立を基本方針,新卒採用 | 中途採用 | 常駐・派遣,,,新卒採用 | 中途採用 | 211-0004 川崎市中原区新丸子東2-925-8 武蔵小杉三枝ビル2Ｆ | 受託開発ソフトウェア | 会社、社員、客先の三者鼎立を基本方針 |,
73,株式会社エヌ・エス・ピイ,https://www.nspweb.jp/,232-0013　横浜市南区山王町3-24-8　港横浜ビル3F,,受託開発ソフトウェア、組み込みソフトウェア、情報処理サービス,コンピューターと人と経験この融合こそエヌ・エス・ピイの原点です。新卒者は、明るくやる気のある方を求めています。また、中途採用はキャリアアップをお望みの方、向上心を持って仕事に取り組む方を求めています。,新卒採用 | 中途採用 | インターンシップ | 常駐・派遣,,,新卒採用 | 中途採用 | インターンシップ | 232-0013 横浜市南区山王町3-24-8 港横浜ビル3F | 受託開発ソフトウェア、組み込みソフトウェア、情報処理サービス | コンピューターと人と経験この融合こそエヌ・エス・ピイの原点です。新卒者は、明るくやる気のある方を求めています。また、中途採用はキャリアアップをお望みの方、向上心を持って仕事に取り組む方を求めています。 |,
74,株式会社ＮＳＰ,http://www.nsp-ltd.co.jp/,231-0062　横浜市中区桜木町1-1-8　日石横浜ビル28F,,受託開発ソフトウェア、組み込みソフトウェア、パッケージソフトウェア、情報処理サービス,日清オイリオグループ株式会社100％子会社です。,新卒採用 | 中途採用 | インターンシップ | 常駐・派遣,,,新卒採用 | 中途採用 | インターンシップ | 231-0062 横浜市中区桜木町1-1-8 日石横浜ビル28F | 受託開発ソフトウェア、組み込みソフトウェア、パッケージソフトウェア、情報処理サービス | 日清オイリオグループ株式会社100％子会社です。 |,
75,ＮＤＳ.ＴＳ株式会社,http://www.nds-g.co.jp/ndsts/,222-0033　横浜市港北区新横浜2-3-4　クレシェンドビル5F,,受託開発ソフトウェア、組み込みソフトウェア,モバイル系基地局開発業務、端末開発業務並びにソフトウェア開発業務を主たる事業として展開しています。,新卒採用 | 中途採用 | インターンシップ | 常駐・派遣,,,新卒採用 | 中途採用 | インターンシップ | 222-0033 横浜市港北区新横浜2-3-4 クレシェンドビル5F | 受託開発ソフトウェア、組み込みソフトウェア | モバイル系基地局開発業務、端末開発業務並びにソフトウェア開発業務を主たる事業として展開しています。 |,
76,株式会社ＮＴＴデータＩＭジェイエスピー,https://www.jspnet.co.jp,220-0011　横浜市西区高島2-6-32　横浜東口ウィスポートビル11F,,受託開発ソフトウェア、組み込みソフトウェア、パッケージソフトウェア、情報処理サービス、ネットワーク・通信関連,AI・IoT技術に強みのあるIT企業です。,新卒採用 | 中途採用 | 常駐・派遣,,,新卒採用 | 中途採用 | 220-0011 横浜市西区高島2-6-32 横浜東口ウィスポートビル11F | 受託開発ソフトウェア、組み込みソフトウェア、パッケージソフトウェア、情報処理サービス、ネットワーク・通信関連 | AI・IoT技術に強みのあるIT企業です。 | 特にIoTシステムの知見が多くあり、センシングを活用した工場の稼働監視システムやペットの見守りシステムなどの開発実績があります。 | 開発したシステムはビジネスから身近な生活まで、幅広く社会を支えています。 | 【お客様のビジネス変革・拡大を支援】企業DX、工場スマート化 | 【社会基盤を支える分野】通信、エネルギー、EV、金融、組込みなど、手掛けるシステムは多岐にわたります。 | 「Smile Engineering」はお客様、社会、システムを開発する自分たちも笑顔にするモノづくり。この考えを大切に、笑顔あふれる社会の発展に貢献します。 |,
77,NTTデータフォース株式会社,https://www.nttdata-force.co.jp/,222-0033　横浜市港北区新横浜3-7-8　スイテ新横浜,,受託開発ソフトウェア、情報処理サービス、その他の情報サービス、ネットワーク・通信関連,,新卒採用 | 中途採用 | 常駐・派遣,,,新卒採用 | 中途採用 | 222-0033 横浜市港北区新横浜3-7-8 スイテ新横浜 | 受託開発ソフトウェア、情報処理サービス、その他の情報サービス、ネットワーク・通信関連 |,
78,ＮＴＴテクノクロス株式会社,https://www.ntt-tx.co.jp/,220-0012　横浜市西区みなとみらい4-4-5　横浜アイマークプレイス13Ｆ,,受託開発ソフトウェア、組み込みソフトウェア、情報処理サービス、ネットワーク・通信関連、インターネット利用サポート（情報ネットワーク・セキュリティ・サービス）,,新卒採用 | 中途採用 | 常駐・派遣,,,新卒採用 | 中途採用 | 220-0012 横浜市西区みなとみらい4-4-5 横浜アイマークプレイス13Ｆ | 受託開発ソフトウェア、組み込みソフトウェア、情報処理サービス、ネットワーク・通信関連、インターネット利用サポート（情報ネットワーク・セキュリティ・サービス） |,
79,株式会社ＮＢＥ,https://www.nbe.co.jp,220-0011　横浜市西区高島2-13-2　横浜駅前共同ビル5F,,受託開発ソフトウェア、組み込みソフトウェア,,新卒採用 | 中途採用 | インターンシップ | 常駐・派遣,,,新卒採用 | 中途採用 | インターンシップ | 220-0011 横浜市西区高島2-13-2 横浜駅前共同ビル5F | 受託開発ソフトウェア、組み込みソフトウェア |,
80,ｅｎｅｆｌａ株式会社,https://enefla.co.jp/,213-0023　川崎市高津区子母口421 1F,,ゲーム・アプリソフトウェア、その他インターネット付随サービス,,中途採用,,,中途採用 | 213-0023 川崎市高津区子母口421 1F | ゲーム・アプリソフトウェア、その他インターネット付随サービス |,
81,株式会社エハラタカオ,https://www.takaoehara.jp/,223-0053　横浜市港北区綱島西4-9-7-14,,パッケージソフトウェア、情報提供サービス、ネットワーク・通信関連,Webアプリケーションが現在の主力です。,,,,223-0053 横浜市港北区綱島西4-9-7-14 | パッケージソフトウェア、情報提供サービス、ネットワーク・通信関連 | Webアプリケーションが現在の主力です。 |,
82,株式会社エフィシエント,https://efficient-inc.com/,220-0012　横浜市西区みなとみらい3-7-1  オーシャンゲートみなとみらい8F,,受託開発ソフトウェア、ゲーム・アプリソフトウェア、SES,,中途採用 | 常駐・派遣,,,中途採用 | 220-0012 横浜市西区みなとみらい3-7-1 オーシャンゲートみなとみらい8F | 受託開発ソフトウェア、ゲーム・アプリソフトウェア、SES |,
83,株式会社エフケイ・ジャパン,http://www.fk-j.co.jp/,221-0045　横浜市神奈川区神奈川2-18-16　京浜興産コヤマビル4F,,受託開発ソフトウェア、その他の情報サービス、SES,,新卒採用 | 常駐・派遣,,,新卒採用 | 221-0045 横浜市神奈川区神奈川2-18-16 京浜興産コヤマビル4F | 受託開発ソフトウェア、その他の情報サービス、SES |,
84,株式会社エフタイム,https://www.ftime.co.jp/,162-0821　東京都新宿区津久戸町1番2号 　あずさセンタービル3F,東京都,その他の情報サービス,,中途採用,,,中途採用 | 162-0821 東京都新宿区津久戸町1番2号 あずさセンタービル3F | その他の情報サービス |,
85,株式会社エフネット,https://www.fnet.co.jp,220-0011　横浜市西区高島2-19-12　横浜スカイビル23Ｆ,,受託開発ソフトウェア、情報処理サービス、情報提供サービス、その他の情報サービス、ネットワーク・通信関連、ポータルサイト・サーバ運営、その他インターネット付随サービス,ソフトウェアといえどもサービス産業と考え、顧客の満足のいく仕事をし、技術向上、人の育成、環境の整備により努力し、全力を傾注し、社会に貢献していく。起業家精神溢れる方を歓迎します。,新卒採用 | 中途採用 | 常駐・派遣,,,新卒採用 | 中途採用 | 220-0011 横浜市西区高島2-19-12 横浜スカイビル23Ｆ | 受託開発ソフトウェア、情報処理サービス、情報提供サービス、その他の情報サービス、ネットワーク・通信関連、ポータルサイト・サーバ運営、その他インターネット付随サービス | ソフトウェアといえどもサービス産業と考え、顧客の満足のいく仕事をし、技術向上、人の育成、環境の整備により努力し、全力を傾注し、社会に貢献していく。起業家精神溢れる方を歓迎します。 |,
86,株式会社エム・ソフト,https://www.msoft.co.jp/,110-0015　東京都台東区東上野2-18-10　日本生命上野ビル6Ｆ,東京都,特長,組込・制御やWebシステム、モバイルアプリなど幅広い領域でシステム開発を実現し、XR技術やAWSを活用したサービスを提供します。国内外で数多くの特許技術を有しています。,,,,110-0015 東京都台東区東上野2-18-10 日本生命上野ビル6Ｆ | 組込・制御やWebシステム、モバイルアプリなど幅広い領域でシステム開発を実現し、XR技術やAWSを活用したサービスを提供します。国内外で数多くの特許技術を有しています。 |,
87,株式会社エリアドライブ,http://www.areadrive.jp/,231-0013　横浜市中区住吉町4-50　グリシーナ馬車道ビル5F,,パッケージソフトウェア、インターネット利用サポート（情報ネットワーク・セキュリティ・サービス）、その他インターネット付随サービス,WEB広告ほかWEB制作、動画制作、ドローン撮影などをメインに営む会社。地元神奈川新聞社の関連会社からのスタート会社でもあるので、tvk・FMヨコハマなどのマーケ業なども行っています。,,,,231-0013 横浜市中区住吉町4-50 グリシーナ馬車道ビル5F | パッケージソフトウェア、インターネット利用サポート（情報ネットワーク・セキュリティ・サービス）、その他インターネット付随サービス | WEB広告ほかWEB制作、動画制作、ドローン撮影などをメインに営む会社。地元神奈川新聞社の関連会社からのスタート会社でもあるので、tvk・FMヨコハマなどのマーケ業なども行っています。 |,
88,株式会社エルエスアイ開発研究所,http://lsi-dev.co.jp/,223-0053　横浜市港北区綱島西6-13-32　ワコー電子ビル4F,,受託開発ソフトウェア、組み込みソフトウェア、パッケージソフトウェア、ネットワーク・通信関連、SES,組込みシステム開発は、43年の経験があります。,新卒採用 | 中途採用 | インターンシップ | 常駐・派遣,,,新卒採用 | 中途採用 | インターンシップ | 223-0053 横浜市港北区綱島西6-13-32 ワコー電子ビル4F | 受託開発ソフトウェア、組み込みソフトウェア、パッケージソフトウェア、ネットワーク・通信関連、SES | 組込みシステム開発は、43年の経験があります。 |,
89,株式会社エルテックス,https://www.eltex.co.jp,240-0005　横浜市保土ケ谷区神戸町134　横浜ビジネスパーク　イーストタワー14Ｆ,,受託開発ソフトウェア、パッケージソフトウェア、ネットワーク・通信関連、ASPサービス、その他インターネット付随サービス,ネットショップと通信販売を統合した、ソフトウェアパッケージ[eltexDC]を全国展開し、コンサルティングから運用支援までワンストップで提供している。,新卒採用 | 中途採用,,,新卒採用 | 中途採用 | 240-0005 横浜市保土ケ谷区神戸町134 横浜ビジネスパーク イーストタワー14Ｆ | 受託開発ソフトウェア、パッケージソフトウェア、ネットワーク・通信関連、ASPサービス、その他インターネット付随サービス | ネットショップと通信販売を統合した、ソフトウェアパッケージ[eltexDC]を全国展開し、コンサルティングから運用支援までワンストップで提供している。 |,
90,株式会社エルパ,https://www.lpa.co.jp/,222-0033　横浜市港北区新横浜3-20-12　新横浜望星ビル6F,,受託開発ソフトウェア、SES,,新卒採用 | 中途採用 | インターンシップ | 常駐・派遣,,,新卒採用 | 中途採用 | インターンシップ | 222-0033 横浜市港北区新横浜3-20-12 新横浜望星ビル6F | 受託開発ソフトウェア、SES |,
91,株式会社エンベデッドプロ,http://www.ebp.co.jp/,231-0005　横浜市中区本町1-5-2　ロワレール横浜本町県庁前2FB,,特長,,,,,231-0005 横浜市中区本町1-5-2 ロワレール横浜本町県庁前2FB |,
92,株式会社オリエンタルインフォーメイションサービス,https://www.ois-yokohama.co.jp,220-6118　横浜市西区みなとみらい2-3-3　クイーンズタワーB18F,,受託開発ソフトウェア、組み込みソフトウェア,横浜・みなとみらいに拠点を構え、大手メーカーやエンドユーザーを中心にWeb・スマホアプリ開発や組込系ソフト開発を行っています。,新卒採用 | 中途採用 | 常駐・派遣,,,新卒採用 | 中途採用 | 220-6118 横浜市西区みなとみらい2-3-3 クイーンズタワーB18F | 受託開発ソフトウェア、組み込みソフトウェア | 横浜・みなとみらいに拠点を構え、大手メーカーやエンドユーザーを中心にWeb・スマホアプリ開発や組込系ソフト開発を行っています。 |,
93,株式会社オルトス,http://www.orthos.co.jp/,221-0835　横浜市神奈川区鶴屋町2-20-3　第5安田ビル5F,,受託開発ソフトウェア、SES、ASPサービス,,新卒採用 | 中途採用 | 常駐・派遣,,,新卒採用 | 中途採用 | 221-0835 横浜市神奈川区鶴屋町2-20-3 第5安田ビル5F | 受託開発ソフトウェア、SES、ASPサービス |,
94,株式会社オレンジテクノロジーズ,http://www.orangetech.co.jp/,222-0033　横浜市港北区新横浜3-17-5　いちご新横浜ビル3F,,受託開発ソフトウェア、組み込みソフトウェア,私たちは自動車、鉄道、携帯電話、液晶パネル、搬送などあらゆる分野で貢献しており、単に要件定義をまとめてシステム提案するにとどまらず、チップやハードの選定・開発・製造の業務を行っています。,新卒採用 | 中途採用 | インターンシップ | 常駐・派遣,,,新卒採用 | 中途採用 | インターンシップ | 222-0033 横浜市港北区新横浜3-17-5 いちご新横浜ビル3F | 受託開発ソフトウェア、組み込みソフトウェア | 私たちは自動車、鉄道、携帯電話、液晶パネル、搬送などあらゆる分野で貢献しており、単に要件定義をまとめてシステム提案するにとどまらず、チップやハードの選定・開発・製造の業務を行っています。 |,
95,株式会社カールビット,http://www.karbit.co.jp/,220-0004　横浜市西区北幸1-11-15 横浜STビル8F,,受託開発ソフトウェア、情報処理サービス、その他の情報サービス、ネットワーク・通信関連,弊社は、通信事業様向けの通信システム開発。企業様、官公庁様向けの業務システムやアプリケーション開発。クラウドサービスのためのシステム構築。各種開発支援サービスを提供している会社です。,新卒採用 | 中途採用 | 常駐・派遣,,,新卒採用 | 中途採用 | 220-0004 横浜市西区北幸1-11-15 横浜STビル8F | 受託開発ソフトウェア、情報処理サービス、その他の情報サービス、ネットワーク・通信関連 | 弊社は、通信事業様向けの通信システム開発。企業様、官公庁様向けの業務システムやアプリケーション開発。クラウドサービスのためのシステム構築。各種開発支援サービスを提供している会社です。 |,
96,株式会社科学情報システムズ,http://www.sisinc.co.jp/,221-0056　横浜市神奈川区金港町2-6　横浜プラザビル6F,,特長,常に情報社会の「その先」を見据え、新たなチャレンジを続ける「進歩ある組織体」として、ＳＩＳは自信をもって確かな未来を描きます。,,,,221-0056 横浜市神奈川区金港町2-6 横浜プラザビル6F | 常に情報社会の「その先」を見据え、新たなチャレンジを続ける「進歩ある組織体」として、ＳＩＳは自信をもって確かな未来を描きます。 |,
97,株式会社神奈中情報システム,http://www.kanachu-it.co.jp,254-0034　平塚市宝町3-1　平塚MNビル11F,,受託開発ソフトウェア、情報処理サービス,,新卒採用 | 中途採用 | インターンシップ,,,新卒採用 | 中途採用 | インターンシップ | 254-0034 平塚市宝町3-1 平塚MNビル11F | 受託開発ソフトウェア、情報処理サービス |,
98,株式会社からくり,http://www.kara-kuri.jp/,240-0006　横浜市保土ヶ谷区星川3-8-1　和田町駅前ビル3F G,,受託開発ソフトウェア、組み込みソフトウェア、SES,AIを活用したシステム開発,新卒採用 | 中途採用 | 常駐・派遣,,,新卒採用 | 中途採用 | 240-0006 横浜市保土ヶ谷区星川3-8-1 和田町駅前ビル3F G | 受託開発ソフトウェア、組み込みソフトウェア、SES | AIを活用したシステム開発 | AIモデルの学習＆重みの最適化 |,
99,株式会社カリバー,https://www.calibur.co.jp/,231-0033　横浜市中区長者町5-85　三井横浜ビル14F,,特長,,,,,231-0033 横浜市中区長者町5-85 三井横浜ビル14F |,
100,関越ソフトウェア株式会社,http://www.kanetsu-sw.co.jp,214-0014　川崎市多摩区登戸3398-1　大樹生命登戸ビル6F,,受託開発ソフトウェア、情報処理サービス、その他の情報サービス、ネットワーク・通信関連、SES、インターネット利用サポート（情報ネットワーク・セキュリティ・サービス）,,新卒採用 | 中途採用 | 常駐・派遣,,,新卒採用 | 中途採用 | 214-0014 川崎市多摩区登戸3398-1 大樹生命登戸ビル6F | 受託開発ソフトウェア、情報処理サービス、その他の情報サービス、ネットワーク・通信関連、SES、インターネット利用サポート（情報ネットワーク・セキュリティ・サービス） |,
101,株式会社ギガ・システム,https://www.giga-system.co.jp/,232-0021　横浜市中区日本大通7　日本大通7ビル8Fy,,受託開発ソフトウェア、パッケージソフトウェア、ゲーム・アプリソフトウェア、ネットワーク・通信関連、ポータルサイト・サーバ運営、SES,業務系システム開発、WEB系システム開発以外に,新卒採用 | 中途採用 | 常駐・派遣,,,新卒採用 | 中途採用 | 232-0021 横浜市中区日本大通7 日本大通7ビル8F | 受託開発ソフトウェア、パッケージソフトウェア、ゲーム・アプリソフトウェア、ネットワーク・通信関連、ポータルサイト・サーバ運営、SES | 業務系システム開発、WEB系システム開発以外に | モバイルソリューション系の開発も得意としております。 |,
102,株式会社キャッスル,http://www.castle-in.co.jp/,238-0022　横須賀市公郷町1-53-41,,特長,,,,,238-0022 横須賀市公郷町1-53-41 |,
103,有限会社キューブ,http://www.cube-i.jp/,220-0023　横浜市西区平沼1-21-26-301,,特長,,,,220-0023　横浜市西区平沼1-21-26-301,,
104,協栄企画システム株式会社,http://www.kyouei-kikaku.com/,141-0033　東京都品川区西品川1-23-19,東京都,特長,,,,,141-0033 東京都品川区西品川1-23-19 |,
105,株式会社協同システムエンジニアリング,https://www.kseltd.co.jp/,221-0056　横浜市神奈川区金港町2-6　横浜プラザビル7F,,受託開発ソフトウェア、組み込みソフトウェア、情報処理サービス、その他の情報サービス、ネットワーク・通信関連、SES,上流工程から一貫したサービス提供、特に金融系システムに関する技術を強みとし、信託銀行様や大手SIer様等に対して、システム開発から運用保守、コンサルティングまで幅広く手がけています。,中途採用 | 常駐・派遣,,,中途採用 | 221-0056 横浜市神奈川区金港町2-6 横浜プラザビル7F | 受託開発ソフトウェア、組み込みソフトウェア、情報処理サービス、その他の情報サービス、ネットワーク・通信関連、SES | 上流工程から一貫したサービス提供、特に金融系システムに関する技術を強みとし、信託銀行様や大手SIer様等に対して、システム開発から運用保守、コンサルティングまで幅広く手がけています。 |,
106,協立システム開発株式会社,https://www.ksdnet.co.jp/,210-0006　川崎市川崎区砂子1-7-1　DK　KAWASAKI　Ｂｌｄ　6F,,情報処理サービス,社訓　「社は人なり、人は和なり」,新卒採用 | 常駐・派遣,,,新卒採用 | 210-0006 川崎市川崎区砂子1-7-1 DK KAWASAKI Ｂｌｄ 6F | 情報処理サービス | 社訓 「社は人なり、人は和なり」 |,
107,株式会社クラフトワーク,http://www.craft-server.co.jp/,190-0023　東京都立川市柴崎町3-5-15　OSビル5F,東京都,受託開発ソフトウェア、組み込みソフトウェア,大手メーカー様、大手Sier様から、医療機器開発、Webフレームワーク・アプリケーション開発でお客様から高い評価をいただいております。,新卒採用 | 中途採用 | インターンシップ | 常駐・派遣,,,新卒採用 | 中途採用 | インターンシップ | 190-0023 東京都立川市柴崎町3-5-15 OSビル5F | 受託開発ソフトウェア、組み込みソフトウェア | 大手メーカー様、大手Sier様から、医療機器開発、Webフレームワーク・アプリケーション開発でお客様から高い評価をいただいております。 |,
108,CLINKS株式会社,http://www.clinks.jp/,220-8133　横浜市西区みなとみらい2-2-1　横浜ランドマークタワー33F,,特長,,,,,220-8133 横浜市西区みなとみらい2-2-1 横浜ランドマークタワー33F |,
109,株式会社クロステック,https://www.xtec.co.jp/,222-0021　横浜市港北区篠原北2-4-1　XTECビル,,受託開発ソフトウェア、パッケージソフトウェア、その他の情報サービス、ネットワーク・通信関連、ポータルサイト・サーバ運営,業務系システム開発やITインフラ構築・保守を軸に、組込系開発、教育事業など幅広く手がけております。特に金融・公共のお客様からリピートオーダーを頂いております。,新卒採用 | 中途採用 | インターンシップ | 常駐・派遣,,,新卒採用 | 中途採用 | インターンシップ | 222-0021 横浜市港北区篠原北2-4-1 XTECビル | 受託開発ソフトウェア、パッケージソフトウェア、その他の情報サービス、ネットワーク・通信関連、ポータルサイト・サーバ運営 | 業務系システム開発やITインフラ構築・保守を軸に、組込系開発、教育事業など幅広く手がけております。特に金融・公共のお客様からリピートオーダーを頂いております。 |,
110,株式会社クロスユーアイエス 東京支社,https://www.xuis.co.jp/,108-0075　東京都港区港南1-2-70　品川シーズンテラス20F,東京都,受託開発ソフトウェア、パッケージソフトウェア、ネットワーク・通信関連、SES,,新卒採用 | 中途採用 | 常駐・派遣,,,新卒採用 | 中途採用 | 108-0075 東京都港区港南1-2-70 品川シーズンテラス20F | 受託開発ソフトウェア、パッケージソフトウェア、ネットワーク・通信関連、SES |,
111,株式会社ケイアイエス,http://www.ki-s.co.jp,254-0034　平塚市宝町12-1　麻生ビル202,,受託開発ソフトウェア、組み込みソフトウェア、情報処理サービス、ネットワーク・通信関連、SES,神奈川県内の製造業会社のシステム開発・保守が多く、派遣（SES）中心で,新卒採用 | 中途採用 | 常駐・派遣,,,新卒採用 | 中途採用 | 254-0034 平塚市宝町12-1 麻生ビル202 | 受託開発ソフトウェア、組み込みソフトウェア、情報処理サービス、ネットワーク・通信関連、SES | 神奈川県内の製造業会社のシステム開発・保守が多く、派遣（SES）中心で | 長期案件が多い。 |,
112,株式会社計装エンジニアリング,https://www.keiso.co.jp/,101-0041　東京都千代田区神田須田町1-7-5　神田ミハマビル6F,東京都,受託開発ソフトウェア、情報処理サービス、SES,,新卒採用 | 中途採用 | 常駐・派遣,,,新卒採用 | 中途採用 | 101-0041 東京都千代田区神田須田町1-7-5 神田ミハマビル6F | 受託開発ソフトウェア、情報処理サービス、SES |,
113,株式会社言語サービス,http://www.ls-jp.com/,220-0041　横浜市西区戸部本町51-9　ながせ高島町ビル3F,,特長,,,,,220-0041 横浜市西区戸部本町51-9 ながせ高島町ビル3F |,
114,株式会社コーエイシステム,http://www.koeisystem.co.jp,102-0083　東京都千代田区麹町4-2　麹町4丁目共同ビル10F,東京都,特長,,,,,102-0083 東京都千代田区麹町4-2 麹町4丁目共同ビル10F |,
115,株式会社コードダイナミクス,https://www.codedynamix.com,222-0033　横浜市港北区新横浜2-13-13　TPR新横浜ビル4F,,受託開発ソフトウェア、組み込みソフトウェア、ゲーム・アプリソフトウェア,,新卒採用 | 中途採用 | 常駐・派遣,,,新卒採用 | 中途採用 | 222-0033 横浜市港北区新横浜2-13-13 TPR新横浜ビル4F | 受託開発ソフトウェア、組み込みソフトウェア、ゲーム・アプリソフトウェア |,
116,コアフューテック株式会社,https://www.corefutec.co.jp,211-0004　川崎市中原区新丸子東2-888　KTSビル2F,,組み込みソフトウェア、情報処理サービス、その他の情報サービス、SES、その他インターネット付随サービス,JSTQBプラチナパートナーとしてソフトウエアの検証業務、組み込み系を中心に開発業務に取り組んでいます。ここ数年はBIGDATAを扱うTOOLの構築を請け負い、業績を伸ばしています。,新卒採用 | 中途採用 | インターンシップ | 常駐・派遣,,,新卒採用 | 中途採用 | インターンシップ | 211-0004 川崎市中原区新丸子東2-888 KTSビル2F | 組み込みソフトウェア、情報処理サービス、その他の情報サービス、SES、その他インターネット付随サービス | JSTQBプラチナパートナーとしてソフトウエアの検証業務、組み込み系を中心に開発業務に取り組んでいます。ここ数年はBIGDATAを扱うTOOLの構築を請け負い、業績を伸ばしています。 |,
117,光洋システム株式会社,https://www.koyo-system.co.jp,220-0004　横浜市西区北幸2-15　東武横浜第２ビル,,受託開発ソフトウェア、組み込みソフトウェア,,新卒採用 | 中途採用 | 常駐・派遣,,,新卒採用 | 中途採用 | 220-0004 横浜市西区北幸2-15 東武横浜第２ビル | 受託開発ソフトウェア、組み込みソフトウェア |,
118,株式会社悟空テクノロジーズ,https://www.goku-tech.jp/,105-0001　東京都港区虎ノ門1-12-1　虎ノ門第一法規ビル2F,東京都,情報処理サービス、ネットワーク・通信関連、ポータルサイト・サーバ運営、インターネット利用サポート（情報ネットワーク・セキュリティ・サービス）,SES事業におけるインフラ、サポート系の自社要員を紹介しています。,新卒採用 | 中途採用,,,新卒採用 | 中途採用 | 105-0001 東京都港区虎ノ門1-12-1 虎ノ門第一法規ビル2F | 情報処理サービス、ネットワーク・通信関連、ポータルサイト・サーバ運営、インターネット利用サポート（情報ネットワーク・セキュリティ・サービス） | SES事業におけるインフラ、サポート系の自社要員を紹介しています。 | プロパー200名、毎月の7名前後の正社員採用をしており、いつでも要員紹介が可能です。 |,
119,株式会社コスミック,http://www.kk-cosmic.co.jp/,252-0303　相模原市南区相模大野3-13-1　第一タカビル3F,,受託開発ソフトウェア、SES,顧客との信頼関係を大切にして誠意あるサービスを行います。神奈川県央地区、西東京に常駐が容易であり、高い技術力とヒューマンスキルによる受注案件を完成させます。,中途採用 | 常駐・派遣,,,中途採用 | 252-0303 相模原市南区相模大野3-13-1 第一タカビル3F | 受託開発ソフトウェア、SES | 顧客との信頼関係を大切にして誠意あるサービスを行います。神奈川県央地区、西東京に常駐が容易であり、高い技術力とヒューマンスキルによる受注案件を完成させます。 |,
120,株式会社コスモスシステム,https://cos-sys.co.jp/,221-0824　横浜市神奈川区広台太田町4-21　トラストワンビル22,,受託開発ソフトウェア、組み込みソフトウェア、SES,2025年4月1日付 会社分割に伴い、株式会社コスモスの子会社として設立いたしました。,新卒採用 | 中途採用 | インターンシップ | 常駐・派遣,,,新卒採用 | 中途採用 | インターンシップ | 221-0824 横浜市神奈川区広台太田町4-21 トラストワンビル22 | 受託開発ソフトウェア、組み込みソフトウェア、SES | 2025年4月1日付 会社分割に伴い、株式会社コスモスの子会社として設立いたしました。 | 株式会社コスモス時代の約30年に渡る技術やノウハウを継承し、画像処理などの分野を得意としております。 |,
121,株式会社コムスタッフ,http://www.y-comstaff.com,231-0002　横浜市中区海岸通4-23　マリンビル5Ｆ,,情報処理サービス、その他の情報サービス,,常駐・派遣,,,231-0002 横浜市中区海岸通4-23 マリンビル5Ｆ | 情報処理サービス、その他の情報サービス |,
122,ザ・コンピュータ株式会社,http://www.thecomputer.co.jp/,221-0052　横浜市神奈川区栄町10-35　ポートサイドダイヤビル,,その他の情報サービス,,中途採用,,,中途採用 | 221-0052 横浜市神奈川区栄町10-35 ポートサイドダイヤビル | その他の情報サービス |,
123,株式会社サザン・エージェンシー,https://www.sacgrp.co.jp/,210-0014　川崎市川崎区貝塚1-4-16　LM川崎貝塚2F,,受託開発ソフトウェア、組み込みソフトウェア、情報処理サービス、ネットワーク・通信関連、SES,,新卒採用 | 中途採用 | 常駐・派遣,,,新卒採用 | 中途採用 | 210-0014 川崎市川崎区貝塚1-4-16 LM川崎貝塚2F | 受託開発ソフトウェア、組み込みソフトウェア、情報処理サービス、ネットワーク・通信関連、SES |,
124,株式会社サプライム,https://www.suprime.co.jp,220-0033　横浜市港北区新横浜2-12-12,,受託開発ソフトウェア、組み込みソフトウェア、情報処理サービス、ネットワーク・通信関連、ポータルサイト・サーバ運営、SES、インターネット利用サポート（情報ネットワーク・セキュリティ・サービス）,昨年設立の新会社ですが、グローバルに製品開発製造している大企業のDXシステム開発を請負で受注し、自社内で作業しています。,新卒採用 | 中途採用,,,新卒採用 | 中途採用 | 220-0033 横浜市港北区新横浜2-12-12 | 受託開発ソフトウェア、組み込みソフトウェア、情報処理サービス、ネットワーク・通信関連、ポータルサイト・サーバ運営、SES、インターネット利用サポート（情報ネットワーク・セキュリティ・サービス） | 昨年設立の新会社ですが、グローバルに製品開発製造している大企業のDXシステム開発を請負で受注し、自社内で作業しています。 | フレックスタイム制・在宅勤務制度により社員の自主性を尊重します |,
125,株式会社Ｓｕｐｐｏｚａ,https://www.suppoza.com,240-0014　横浜市保土ケ谷区霞台57-31,,その他の情報サービス、ネットワーク・通信関連、SES、インターネット利用サポート（情報ネットワーク・セキュリティ・サービス）,「変わらなくちゃを手助けする」、なにかを変えるときにセキュリティ的な不安を感じると思いますが、どうすればいいかを運用設計を中心にお客様に寄り添って考えます。,中途採用,,,中途採用 | 240-0014 横浜市保土ケ谷区霞台57-31 | その他の情報サービス、ネットワーク・通信関連、SES、インターネット利用サポート（情報ネットワーク・セキュリティ・サービス） | 「変わらなくちゃを手助けする」、なにかを変えるときにセキュリティ的な不安を感じると思いますが、どうすればいいかを運用設計を中心にお客様に寄り添って考えます。 | Google Workspace、SaaS活用と関連するセキュリティ運用、クラウド基盤、ネットワーク関連が得意です。 |,
126,株式会社サンアイエンジニアリング,https://www.sang.co.jp,212-0013　川崎市幸区堀川町580　ソリッドスクエア西館10F,,受託開発ソフトウェア、ネットワーク・通信関連、SES,,新卒採用 | 中途採用 | 常駐・派遣,,,新卒採用 | 中途採用 | 212-0013 川崎市幸区堀川町580 ソリッドスクエア西館10F | 受託開発ソフトウェア、ネットワーク・通信関連、SES |,
127,サンネット株式会社,http://www.sunnet.co.jp,250-0011　小田原市栄町1-6-1 小田原第一生命ビル3F,,受託開発ソフトウェア、情報処理サービス、その他の情報サービス、ポータルサイト・サーバ運営、SES、ASPサービス、インターネット利用サポート（情報ネットワーク・セキュリティ・サービス）、その他インターネット付随サービス,当社は営業力・提案力・技術力を駆使して大企業に企業戦略提案を実施し、ＩＴ化構想実現のためのビジネスパートナーとして高い信頼を得ている『経済産業省ＳＩ認定企業（システムインテグレータ）』です。,新卒採用 | 中途採用 | 常駐・派遣,,,新卒採用 | 中途採用 | 250-0011 小田原市栄町1-6-1 小田原第一生命ビル3F | 受託開発ソフトウェア、情報処理サービス、その他の情報サービス、ポータルサイト・サーバ運営、SES、ASPサービス、インターネット利用サポート（情報ネットワーク・セキュリティ・サービス）、その他インターネット付随サービス | 当社は営業力・提案力・技術力を駆使して大企業に企業戦略提案を実施し、ＩＴ化構想実現のためのビジネスパートナーとして高い信頼を得ている『経済産業省ＳＩ認定企業（システムインテグレータ）』です。 |,
128,株式会社シーアイエス,http://www.cis.vc/,211-0004　川崎市中原区新丸子東2-895　上野ビル2F,,特長,,,,,211-0004 川崎市中原区新丸子東2-895 上野ビル2F |,
129,株式会社ＣＩＪ,http://www.cij.co.jp,220-0011　神奈川県横浜市西区高島1-2-5 横濱ゲートタワー 17階,神奈川県,受託開発ソフトウェア、組み込みソフトウェア、パッケージソフトウェア、情報処理サービス、ASPサービス,横浜に独立系ソフトウェア開発企業として誕生し、40年以上。企業理念「情報技術で人と社会にやさしい未来を創造します」の下、高い技術力と豊富な実績、多様な知識により、お客様の期待にお応えします。,新卒採用 | 中途採用 | インターンシップ | 常駐・派遣,,,新卒採用 | 中途採用 | インターンシップ | 220-0011 神奈川県横浜市西区高島1-2-5 横濱ゲートタワー 17階 | 受託開発ソフトウェア、組み込みソフトウェア、パッケージソフトウェア、情報処理サービス、ASPサービス | 横浜に独立系ソフトウェア開発企業として誕生し、40年以上。企業理念「情報技術で人と社会にやさしい未来を創造します」の下、高い技術力と豊富な実績、多様な知識により、お客様の期待にお応えします。 |,
130,株式会社シーエーエル,https://www.cal.ne.jp,240-0023　横浜市保土ケ谷区岩井町475-2,,受託開発ソフトウェア、組み込みソフトウェア、パッケージソフトウェア,ビジネスの効率化に寄与するＤＸなどソリューション開発を展開しています。構想設計から開発運用まで一括請負いたしております。現在は三菱電機製オフコンのリプレースも全国ユーザーから受注しています。,新卒採用 | 中途採用 | インターンシップ | 常駐・派遣,,,新卒採用 | 中途採用 | インターンシップ | 240-0023 横浜市保土ケ谷区岩井町475-2 | 受託開発ソフトウェア、組み込みソフトウェア、パッケージソフトウェア | ビジネスの効率化に寄与するＤＸなどソリューション開発を展開しています。構想設計から開発運用まで一括請負いたしております。現在は三菱電機製オフコンのリプレースも全国ユーザーから受注しています。 |,
131,株式会社シースリー,http://www.c3-inc.jp/,230-0002　横浜市鶴見区江ヶ崎町3-43-714,,特長,,,,,230-0002 横浜市鶴見区江ヶ崎町3-43-714 |,
132,株式会社ジェー・アイ・ピー,http://www.kjip.co.jp,231-0015　横浜市中区尾上町3-35 横浜第一有楽ビル3F,,特長,,,,,231-0015 横浜市中区尾上町3-35 横浜第一有楽ビル3F |,
133,株式会社ジェニシス,https://www.genesis-net.co.jp,222-0033　横浜市港北区新横浜3-17-2友泉新横浜ビル2階,,受託開発ソフトウェア、パッケージソフトウェア、その他の情報サービス、ASPサービス,＜経営基本方針＞１．お客様、お取引様との共存・共栄。２．優秀な技術、信用を第一とする。３．実力主義、人格主義。４．不当な利益を追わない。５．社員が、末永く安心して勤められる会社を創,新卒採用 | 中途採用 | 常駐・派遣,,,新卒採用 | 中途採用 | 222-0033 横浜市港北区新横浜3-17-2友泉新横浜ビル2階 | 受託開発ソフトウェア、パッケージソフトウェア、その他の情報サービス、ASPサービス | ＜経営基本方針＞１．お客様、お取引様との共存・共栄。２．優秀な技術、信用を第一とする。３．実力主義、人格主義。４．不当な利益を追わない。５．社員が、末永く安心して勤められる会社を創 |,
134,ジスクソフト株式会社,https://www.jisc.co.jp/,211-0063　川崎市中原区小杉町1-403 武蔵小杉STMビル3F,,受託開発ソフトウェア、組み込みソフトウェア、情報処理サービス、その他の情報サービス,当社はプロフェッショナルを目指す、必要不可欠のパートナーを目指す、当社らしい特化したサービスメニューに徹する、を掲げ、パートナーとの連携も踏まえた、新サービス・新商品の開発販売にも挑戦しております。,新卒採用 | 中途採用 | インターンシップ | 常駐・派遣,,,新卒採用 | 中途採用 | インターンシップ | 211-0063 川崎市中原区小杉町1-403 武蔵小杉STMビル3F | 受託開発ソフトウェア、組み込みソフトウェア、情報処理サービス、その他の情報サービス | 当社はプロフェッショナルを目指す、必要不可欠のパートナーを目指す、当社らしい特化したサービスメニューに徹する、を掲げ、パートナーとの連携も踏まえた、新サービス・新商品の開発販売にも挑戦しております。 |,
135,株式会社システム・ロジックス,http://www.syslg.co.jp/,110-0015　東京都台東区東上野1-27-12　箱義ビル602,東京都,受託開発ソフトウェア、組み込みソフトウェア、パッケージソフトウェア、ゲーム・アプリソフトウェア、ネットワーク・通信関連,オープンシステム系の提案・設計・開発（Java、C#、Python等）,新卒採用 | 中途採用 | インターンシップ | 常駐・派遣,,,新卒採用 | 中途採用 | インターンシップ | 110-0015 東京都台東区東上野1-27-12 箱義ビル602 | 受託開発ソフトウェア、組み込みソフトウェア、パッケージソフトウェア、ゲーム・アプリソフトウェア、ネットワーク・通信関連 | オープンシステム系の提案・設計・開発（Java、C#、Python等） | 機械学習、データ分析も行っております。 |,
136,株式会社システムアイ,https://systemi.co.jp/,220-8114　横浜市西区みなとみらい2-2-1　横浜ランドマークタワー14F,,受託開発ソフトウェア、ネットワーク・通信関連、SES,,新卒採用 | 中途採用 | インターンシップ | 常駐・派遣,,,新卒採用 | 中途採用 | インターンシップ | 220-8114 横浜市西区みなとみらい2-2-1 横浜ランドマークタワー14F | 受託開発ソフトウェア、ネットワーク・通信関連、SES |,
137,株式会社システムクルー,http://www.syscrew.co.jp,220-0004　横浜市西区北幸2-5-15　プレミア横浜西口ビル8F,,受託開発ソフトウェア、組み込みソフトウェア、パッケージソフトウェア、情報処理サービス、情報提供サービス、その他の情報サービス、ネットワーク・通信関連,,新卒採用 | 中途採用 | 常駐・派遣,,,新卒採用 | 中途採用 | 220-0004 横浜市西区北幸2-5-15 プレミア横浜西口ビル8F | 受託開発ソフトウェア、組み込みソフトウェア、パッケージソフトウェア、情報処理サービス、情報提供サービス、その他の情報サービス、ネットワーク・通信関連 |,
138,株式会社システムズナカシマ 東京支店,https://www.systems.nakashima.co.jp/,103-0022　東京都中央区日本橋室町4-6-2　菱華ビルディング11F,東京都,受託開発ソフトウェア、パッケージソフトウェア、その他の情報サービス,,新卒採用 | 中途採用,,,新卒採用 | 中途採用 | 103-0022 東京都中央区日本橋室町4-6-2 菱華ビルディング11F | 受託開発ソフトウェア、パッケージソフトウェア、その他の情報サービス |,
139,システムニコル株式会社,http://www.nicol.co.jp,220-0023　横浜市西区平沼1-39-3　三石ヨコハマビル3F,,受託開発ソフトウェア、組み込みソフトウェア、情報処理サービス、ネットワーク・通信関連,,新卒採用 | 中途採用 | 常駐・派遣,,,新卒採用 | 中途採用 | 220-0023 横浜市西区平沼1-39-3 三石ヨコハマビル3F | 受託開発ソフトウェア、組み込みソフトウェア、情報処理サービス、ネットワーク・通信関連 |,
140,株式会社システムハウス．アイエヌジー 横浜支店,http://www.s-ing.co.jp/,220-0004　横浜市西区北幸2-9-40　銀洋ビル,,受託開発ソフトウェア、情報処理サービス,金融系：投資信託の開発実績が豊富,新卒採用 | 中途採用 | インターンシップ | 常駐・派遣,,,新卒採用 | 中途採用 | インターンシップ | 220-0004 横浜市西区北幸2-9-40 銀洋ビル | 受託開発ソフトウェア、情報処理サービス | 金融系：投資信託の開発実績が豊富 | 流通系：石油関係や多店舗システムでの開発実績が豊富 |,
141,システムワークスジャパン株式会社,https://www.swj.co.jp,248-0006　鎌倉市小町2-14-7　かまくら春秋スクエア2F,,受託開発ソフトウェア、情報処理サービス,我々と共に、様々な技術を吸収実践し、スキルアップを目指す人材を募集しています。,新卒採用 | 中途採用 | 常駐・派遣,,,新卒採用 | 中途採用 | 248-0006 鎌倉市小町2-14-7 かまくら春秋スクエア2F | 受託開発ソフトウェア、情報処理サービス | 我々と共に、様々な技術を吸収実践し、スキルアップを目指す人材を募集しています。 |,
142,株式会社システムワン,http://www.sys1.co.jp/,221-0056　横浜市金港町6-3　横浜金港町ビル3F,,特長,(株)システムワン NETWORK/WINDOWSの技術集団 技術者募集中（横須賀・横浜） ソフトウェア開発 システム設計 プログラム開発 ホームページ作成 ホームページ提案 ウェブ作成 Web アプ,,,,221-0056 横浜市金港町6-3 横浜金港町ビル3F | (株)システムワン NETWORK/WINDOWSの技術集団 技術者募集中（横須賀・横浜） ソフトウェア開発 システム設計 プログラム開発 ホームページ作成 ホームページ提案 ウェブ作成 Web アプ |,
143,シスミック株式会社,http://www.sysmic.jp/,221-0835　横浜市神奈川区鶴屋町2-23-2　TSプラザビルディング16F,,受託開発ソフトウェア,,新卒採用 | 中途採用 | 常駐・派遣,,,新卒採用 | 中途採用 | 221-0835 横浜市神奈川区鶴屋町2-23-2 TSプラザビルディング16F | 受託開発ソフトウェア |,
144,株式会社シスメトン,http://cisumeton.com/,240-0033　横浜市保土ヶ谷区境木本町21-9,,SES,,中途採用 | 常駐・派遣,,,中途採用 | 240-0033 横浜市保土ヶ谷区境木本町21-9 | SES |,
145,株式会社シャフト,http://www.schaftgr.co.jp/,211-0004　川崎市中原区新丸子東2-925-6　KOSUGI SUN BUILDING 6F,,特長,,,,,211-0004 川崎市中原区新丸子東2-925-6 KOSUGI SUN BUILDING 6F |,
146,株式会社情創,https://www.johso.co.jp/,141-0032　東京都品川区大崎1-6-1　TOC大崎ビルディング13F,東京都,受託開発ソフトウェア、パッケージソフトウェア、ネットワーク・通信関連、ポータルサイト・サーバ運営、SES、ASPサービス,製造業メインの受託開発企業でしたが、最近ではAIの活用をメインとした事業で、お客様への提案を行っております。,新卒採用 | 中途採用 | インターンシップ | 常駐・派遣,,,新卒採用 | 中途採用 | インターンシップ | 141-0032 東京都品川区大崎1-6-1 TOC大崎ビルディング13F | 受託開発ソフトウェア、パッケージソフトウェア、ネットワーク・通信関連、ポータルサイト・サーバ運営、SES、ASPサービス | 製造業メインの受託開発企業でしたが、最近ではAIの活用をメインとした事業で、お客様への提案を行っております。 |,
147,湘南技術センター株式会社,https://www.shonan-gijyutsuc.co.jp/,220-0023　横浜市西区平沼1-2-24　横浜NTビル3F,,受託開発ソフトウェア,,新卒採用 | 中途採用 | 常駐・派遣,,,新卒採用 | 中途採用 | 220-0023 横浜市西区平沼1-2-24 横浜NTビル3F | 受託開発ソフトウェア |,
148,株式会社ショウナンソフトウェア,https://www.ssw-nw.co.jp,254-0043　平塚市紅谷町8-16 サニープラザ平塚301,,受託開発ソフトウェア、ゲーム・アプリソフトウェア、情報処理サービス、その他の情報サービス、ポータルサイト・サーバ運営、SES,地元に密着した地域活性化のためのＩＴ導入支援事業を大切にしている業務アプリケーション開発のプロ集団です！,新卒採用 | 中途採用 | 常駐・派遣,,,新卒採用 | 中途採用 | 254-0043 平塚市紅谷町8-16 サニープラザ平塚301 | 受託開発ソフトウェア、ゲーム・アプリソフトウェア、情報処理サービス、その他の情報サービス、ポータルサイト・サーバ運営、SES | 地元に密着した地域活性化のためのＩＴ導入支援事業を大切にしている業務アプリケーション開発のプロ集団です！ | 「プロジェクト成功請負人」を目指します！ |,
149,株式会社情報システム工学,https://ise-group.jp/,221-0835　横浜市神奈川区鶴屋町3-32-13　第2安田ビル8F,,受託開発ソフトウェア、情報処理サービス、ASPサービス,,新卒採用 | 中途採用 | 常駐・派遣,,,新卒採用 | 中途採用 | 221-0835 横浜市神奈川区鶴屋町3-32-13 第2安田ビル8F | 受託開発ソフトウェア、情報処理サービス、ASPサービス |,
150,株式会社曙光システムズ,http://daybreak-systems.com/,330-0063　埼玉県さいたま市浦和区高砂2-14-17　浦和マルゼンビル4F,埼玉県,特長,埼玉（さいたま市）にある会社、首都圏がフィールドです。,,,,330-0063 埼玉県さいたま市浦和区高砂2-14-17 浦和マルゼンビル4F | 埼玉（さいたま市）にある会社、首都圏がフィールドです。 | 20代を中心としてJavaによるシステム開発のスペシャリストの集団です。 | 人との出会いを大切にする会社です 。 |,
151,有限会社シンク,http://www.shink.jp/,231-0004　横浜市中区常盤町5-72　横浜通産ビル403,,ネットワーク・通信関連、インターネット利用サポート（情報ネットワーク・セキュリティ・サービス）、その他インターネット付随サービス,,,,,231-0004 横浜市中区常盤町5-72 横浜通産ビル403 | ネットワーク・通信関連、インターネット利用サポート（情報ネットワーク・セキュリティ・サービス）、その他インターネット付随サービス |,
152,株式会社シンクタンクオブジャパン,http://www.ktt-oj.co.jp,211-0004　川崎市中原区新丸子東3-1200　KDX武蔵小杉ビル3F,,受託開発ソフトウェア、組み込みソフトウェア、ゲーム・アプリソフトウェア、ネットワーク・通信関連、SES,ネットワーク（提案、設計、構築、評価、保守）、ソフトウェア（設計、製造、評価、保守）、製品評価の各業務において柔軟な発想力と技術力で価値あるサービスを提供している企業です。,新卒採用 | 中途採用 | 常駐・派遣,,,新卒採用 | 中途採用 | 211-0004 川崎市中原区新丸子東3-1200 KDX武蔵小杉ビル3F | 受託開発ソフトウェア、組み込みソフトウェア、ゲーム・アプリソフトウェア、ネットワーク・通信関連、SES | ネットワーク（提案、設計、構築、評価、保守）、ソフトウェア（設計、製造、評価、保守）、製品評価の各業務において柔軟な発想力と技術力で価値あるサービスを提供している企業です。 |,
153,株式会社シンクロジック,https://www.thinklogic.co.jp/,220-8138　横浜市西区みなとみらい2-2-1　横浜ランドマークタワー38F,,受託開発ソフトウェア、ゲーム・アプリソフトウェア、ネットワーク・通信関連,オンラインゲーム開発を得意とするソフトウェア開発会社です,新卒採用 | 中途採用 | 常駐・派遣,,,新卒採用 | 中途採用 | 220-8138 横浜市西区みなとみらい2-2-1 横浜ランドマークタワー38F | 受託開発ソフトウェア、ゲーム・アプリソフトウェア、ネットワーク・通信関連 | オンラインゲーム開発を得意とするソフトウェア開発会社です | ・ゲーム開発・運用保守 | （PC、スマートフォン、ブラウザ） | ・オープン系業務システム開発 | ・UI/UXデザイン制作 | ・企画/運営補助 | ・エンジニア/クリエイターの常駐サービス（派遣も可） |,
154,株式会社シンシア,https://sincere-biz.co.jp/,244-0803　横浜市戸塚区平戸町735-3,,受託開発ソフトウェア、組み込みソフトウェア,株式会社シンシアは、多くのメーカー様との協業を通じて培ってきた技術力とノウハウを積極的に活用し、デジタルカメラやイメージセンサー、オートモーティブ、鉄道など、様々な製品・機器の開発に携わっています。,新卒採用 | 中途採用 | 常駐・派遣,,,新卒採用 | 中途採用 | 244-0803 横浜市戸塚区平戸町735-3 | 受託開発ソフトウェア、組み込みソフトウェア | 株式会社シンシアは、多くのメーカー様との協業を通じて培ってきた技術力とノウハウを積極的に活用し、デジタルカメラやイメージセンサー、オートモーティブ、鉄道など、様々な製品・機器の開発に携わっています。 |,
155,株式会社新日本コンピュータサービス,https://www.sncs.co.jp/,242-0007　大和市中央林間3-2-10　中央林間アネックス4F,,受託開発ソフトウェア、情報処理サービス、ネットワーク・通信関連、SES,①1971年の創業以来のノウハウを活かした課題解決,中途採用 | 常駐・派遣,,,中途採用 | 242-0007 大和市中央林間3-2-10 中央林間アネックス4F | 受託開発ソフトウェア、情報処理サービス、ネットワーク・通信関連、SES | ①1971年の創業以来のノウハウを活かした課題解決 | ②地元の企業、自治体を中心に活動 | ③各種事業の組合せによるお客様の課題解決を適正な価格でご提案 | ④各種資格保有者による対応と取得認証に基づく業務管理 |,
156,シンポー情報システム株式会社,http://www.shimpo.co.jp,221-0052　横浜市神奈川区栄町7-1,,受託開発ソフトウェア、パッケージソフトウェア、情報処理サービス、ネットワーク・通信関連、ポータルサイト・サーバ運営、インターネット利用サポート（情報ネットワーク・セキュリティ・サービス）,当社のシステムは、トヨタ系、公共系、民間企業の3つのフィールドに展開しています。,新卒採用 | 中途採用 | 常駐・派遣,,,新卒採用 | 中途採用 | 221-0052 横浜市神奈川区栄町7-1 | 受託開発ソフトウェア、パッケージソフトウェア、情報処理サービス、ネットワーク・通信関連、ポータルサイト・サーバ運営、インターネット利用サポート（情報ネットワーク・セキュリティ・サービス） | 当社のシステムは、トヨタ系、公共系、民間企業の3つのフィールドに展開しています。 | トヨタ系では顧客管理、生産管理、レンタリースシステムなどを、 | 各県、政令指定都市をはじめとする公共系では 大規模な公共システムを、 | 民間企業では商社、流通業、金融・生保、不動産、さらには医療にいたるまで、 | 多種多様な業界・業種のシステムの開発、運用、保守を行っています。 | これら3つのフィールドで培った豊富な経験や知識をもとに、お客様のご要望にお応えしています。 |,
157,新明和ソフトテクノロジ株式会社,https://www.stec.co.jp/,212-0014　川崎市幸区大宮町1310　ミューザ川崎セントラルタワー26F,,受託開発ソフトウェア、パッケージソフトウェア、情報処理サービス、その他の情報サービス、ネットワーク・通信関連,製造業大手の新明和工業をはじめとする新明和グループで唯一の「IT企業」として、生産管理、販売管理、基幹システム開発、CADなど設計関連のシステム、インフラ構築・運用保守をメインに手がけています。工場現場のIT化に伴い、IoT・AIなどの先進技術も取り入れながら、新明和グループ以外のお客様にも最適なモノづくり・ソリューションを提供しています。,新卒採用 | 中途採用 | インターンシップ | 常駐・派遣,,,新卒採用 | 中途採用 | インターンシップ | 212-0014 川崎市幸区大宮町1310 ミューザ川崎セントラルタワー26F | 受託開発ソフトウェア、パッケージソフトウェア、情報処理サービス、その他の情報サービス、ネットワーク・通信関連 | 製造業大手の新明和工業をはじめとする新明和グループで唯一の「IT企業」として、生産管理、販売管理、基幹システム開発、CADなど設計関連のシステム、インフラ構築・運用保守をメインに手がけています。工場現場のIT化に伴い、IoT・AIなどの先進技術も取り入れながら、新明和グループ以外のお客様にも最適なモノづくり・ソリューションを提供しています。 |,
158,Ｓｋｙ株式会社,http://www.skygroup.jp/,108-0075　東京都港区港南2-16-1　品川イーストワンタワー15F,東京都,受託開発ソフトウェア、組み込みソフトウェア、パッケージソフトウェア、ゲーム・アプリソフトウェア,,新卒採用 | 中途採用 | インターンシップ,,,新卒採用 | 中途採用 | インターンシップ | 108-0075 東京都港区港南2-16-1 品川イーストワンタワー15F | 受託開発ソフトウェア、組み込みソフトウェア、パッケージソフトウェア、ゲーム・アプリソフトウェア |,
159,株式会社スカイリミット,http://www.sky-limit.co.jp/,231-0013　横浜市中区住吉町4丁目45-1　関内トーセイビルⅡ　702号,,受託開発ソフトウェア、パッケージソフトウェア、SES,企画～導入までの受託開発・ERPパッケージ導入の事業を展開しています。特色は３０システムを超える手厚い運用保守です。得意分野は製造業になります。,新卒採用 | 中途採用 | 常駐・派遣,,,新卒採用 | 中途採用 | 231-0013 横浜市中区住吉町4丁目45-1 関内トーセイビルⅡ 702号 | 受託開発ソフトウェア、パッケージソフトウェア、SES | 企画～導入までの受託開発・ERPパッケージ導入の事業を展開しています。特色は３０システムを超える手厚い運用保守です。得意分野は製造業になります。 |,
160,株式会社図研プリサイト,https://www.presight.co.jp/,224-0032　横浜市都筑区茅ヶ崎中央32-11,,特長,,,,,224-0032 横浜市都筑区茅ヶ崎中央32-11 |,
161,鈴与シンワート株式会社,http://www.shinwart.co.jp/,108-0014　東京都港区芝4-1-23　三田NNビル22F,東京都,受託開発ソフトウェア、パッケージソフトウェア、情報処理サービス、ネットワーク・通信関連、SES、ASPサービス、インターネット利用サポート（情報ネットワーク・セキュリティ・サービス）、その他インターネット付随サービス,,新卒採用 | 中途採用 | 常駐・派遣,,,新卒採用 | 中途採用 | 108-0014 東京都港区芝4-1-23 三田NNビル22F | 受託開発ソフトウェア、パッケージソフトウェア、情報処理サービス、ネットワーク・通信関連、SES、ASPサービス、インターネット利用サポート（情報ネットワーク・セキュリティ・サービス）、その他インターネット付随サービス |,
162,株式会社ステップ,https://www.step-japan.co.jp,239-0832　横須賀市神明町1-50,,受託開発ソフトウェア、情報処理サービス、その他の情報サービス、ネットワーク・通信関連,新卒採用者は、３ヶ月の基礎技術研修を実施しています。学部の隔りはありません。未来への感性と情報通信の礎を構築したい仲間を求めています。,新卒採用 | 中途採用 | インターンシップ | 常駐・派遣,,,新卒採用 | 中途採用 | インターンシップ | 239-0832 横須賀市神明町1-50 | 受託開発ソフトウェア、情報処理サービス、その他の情報サービス、ネットワーク・通信関連 | 新卒採用者は、３ヶ月の基礎技術研修を実施しています。学部の隔りはありません。未来への感性と情報通信の礎を構築したい仲間を求めています。 |,
163,有限会社スパイスメディア,https://spice-media.com/,241-0821　横浜市旭区二俣川2-82-5-204,,その他インターネット付随サービス,,,,,241-0821 横浜市旭区二俣川2-82-5-204 | その他インターネット付随サービス |,
164,株式会社スプロテック,http://www.sprotec.com/,250-0852　小田原市栢山60,,受託開発ソフトウェア、組み込みソフトウェア,,新卒採用 | 中途採用 | 常駐・派遣,,,新卒採用 | 中途採用 | 250-0852 小田原市栢山60 | 受託開発ソフトウェア、組み込みソフトウェア |,
165,株式会社セカンド・ウェーブ,http://www.2ndwave.jp/,221-0835　横浜市神奈川区鶴屋町3-29-9　タクエー横浜西口第6ビル4F,,受託開発ソフトウェア、情報処理サービス、インターネット利用サポート（情報ネットワーク・セキュリティ・サービス）,,新卒採用 | 中途採用,,,新卒採用 | 中途採用 | 221-0835 横浜市神奈川区鶴屋町3-29-9 タクエー横浜西口第6ビル4F | 受託開発ソフトウェア、情報処理サービス、インターネット利用サポート（情報ネットワーク・セキュリティ・サービス） |,
166,株式会社セブン・ワイズ 横浜営業所,http://www.7ws.co.jp/,220-0005　横浜市西区南幸2-19-4　南幸折目ビル9F,,特長,,,,,220-0005 横浜市西区南幸2-19-4 南幸折目ビル9F |,
167,株式会社ゼロワン,http://www.zerone-01.co.jp/,224-0041　横浜市都筑区仲町台1-32-10,,受託開発ソフトウェア、組み込みソフトウェア,,新卒採用 | 中途採用 | インターンシップ | 常駐・派遣,,,新卒採用 | 中途採用 | インターンシップ | 224-0041 横浜市都筑区仲町台1-32-10 | 受託開発ソフトウェア、組み込みソフトウェア |,
168,セントラル電子制御株式会社,http://www.sdsg.co.jp,213-0012　川崎市高津区坂戸3-2-1　神奈川サイエンスパークR＆DビジネスパークビルB棟9階913号室,,受託開発ソフトウェア、組み込みソフトウェア、ネットワーク・通信関連,通信、システム、モバイルのソリューション事業を展開する会社。,新卒採用 | 中途採用 | インターンシップ | 常駐・派遣,,,新卒採用 | 中途採用 | インターンシップ | 213-0012 川崎市高津区坂戸3-2-1 神奈川サイエンスパークR＆DビジネスパークビルB棟9階913号室 | 受託開発ソフトウェア、組み込みソフトウェア、ネットワーク・通信関連 | 通信、システム、モバイルのソリューション事業を展開する会社。 | 電気、ソフト、機構の技術職能と製造部門を有し設計開発～生産まで | 「ものづくり」を一貫して行えます。 | 大型～モバイルまで少量から対応できます。 |,
169,株式会社総合企画,http://www.kk-sogokikaku.co.jp/,221-0834　横浜市神奈川区台町11-4-901　リブゼ横浜ステーションスクエア,,特長,仕事の内容の誠実さで、信頼を高める。全て社内処理で在宅勤務者はおりません。,,,,221-0834 横浜市神奈川区台町11-4-901 リブゼ横浜ステーションスクエア | 仕事の内容の誠実さで、信頼を高める。全て社内処理で在宅勤務者はおりません。 |,
170,株式会社ソフテム,http://softem-net.co.jp,231-0062　横浜市中区桜木町1-1-8　日石横浜ビル15F,,受託開発ソフトウェア、パッケージソフトウェア、情報処理サービス、SES、その他インターネット付随サービス,,新卒採用 | 中途採用 | インターンシップ | 常駐・派遣,,,新卒採用 | 中途採用 | インターンシップ | 231-0062 横浜市中区桜木町1-1-8 日石横浜ビル15F | 受託開発ソフトウェア、パッケージソフトウェア、情報処理サービス、SES、その他インターネット付随サービス |,
171,株式会社ソフテム,https://www.softem.co.jp/,210-0007　川崎市川崎区駅前本町11-2  川崎フロンティアビル5F,,受託開発ソフトウェア、パッケージソフトウェア、ネットワーク・通信関連、SES,良い製品を多く作る事をこころがけ、受託開発だけでなく自社製品の開発にも力を注いでいます。,新卒採用 | インターンシップ | 常駐・派遣,,,新卒採用 | インターンシップ | 210-0007 川崎市川崎区駅前本町11-2 川崎フロンティアビル5F | 受託開発ソフトウェア、パッケージソフトウェア、ネットワーク・通信関連、SES | 良い製品を多く作る事をこころがけ、受託開発だけでなく自社製品の開発にも力を注いでいます。 | 自社製品の開発では大学・研究所等との連携による開発も行っています。 |,
172,株式会社ソフト 東京支社,https://www.soft-co.jp/,220-0011　横浜市西区高島2-19-12　スカイビル20F,,受託開発ソフトウェア、組み込みソフトウェア、パッケージソフトウェア、情報処理サービス、SES,,新卒採用 | 中途採用 | インターンシップ | 常駐・派遣,,,新卒採用 | 中途採用 | インターンシップ | 220-0011 横浜市西区高島2-19-12 スカイビル20F | 受託開発ソフトウェア、組み込みソフトウェア、パッケージソフトウェア、情報処理サービス、SES |,
173,株式会社ソフトウェアコントロール,https://www.scnet.co.jp/,144-8721　東京都大田区蒲田5‐37‐1　ニッセイアロマスクエア 15階,東京都,受託開発ソフトウェア、組み込みソフトウェア、SES,「３つのS」、すなわち誠実性（Sincerity）、専門性（Speciality）、感受性（Sensibility）を大切にしています,新卒採用 | インターンシップ | 常駐・派遣,,,新卒採用 | インターンシップ | 144-8721 東京都大田区蒲田5‐37‐1 ニッセイアロマスクエア 15階 | 受託開発ソフトウェア、組み込みソフトウェア、SES | 「３つのS」、すなわち誠実性（Sincerity）、専門性（Speciality）、感受性（Sensibility）を大切にしています |,
174,株式会社ソフトウェアプロダクツ,https://www.swp-ltd.co.jp/,222-0033　横浜市港北区新横浜2-7-19　竹生第二ビル4F,,特長,,,,,222-0033 横浜市港北区新横浜2-7-19 竹生第二ビル4F |,
175,ソリューション・ラボ・ジャパン株式会社,https://www.slj-net.co.jp/,231-0011　横浜市中区太田町4-55　横浜馬車道ビル6F,,受託開発ソフトウェア,日本IBMのビジネスパートナー企業として培った高い技術力で、多くのお客様へ高品質なサービスをご提供しています。,新卒採用 | 中途採用 | 常駐・派遣,,,新卒採用 | 中途採用 | 231-0011 横浜市中区太田町4-55 横浜馬車道ビル6F | 受託開発ソフトウェア | 日本IBMのビジネスパートナー企業として培った高い技術力で、多くのお客様へ高品質なサービスをご提供しています。 | また、弊社は開発から運用まで一貫してお客様のサポートをしておりますので、お客様の課題・お悩みに向き合い最適なソリューションを「ワンストップ」で実現することができます。 |,
176,株式会社SOLUMINA,https://solumina.co.jp/,220-0012　横浜市西区みなとみらい4-4-2　横浜ブルーアベニュー13F,,受託開発ソフトウェア、組み込みソフトウェア、情報処理サービス、ネットワーク・通信関連、SES,業務システムのほか、組込みソフトウェア・ミドルウェアの開発、サーバー・ネットワーク等ＩＴインフラの構築・運用など、幅広く事業を展開しています。,新卒採用 | 中途採用 | 常駐・派遣,,,新卒採用 | 中途採用 | 220-0012 横浜市西区みなとみらい4-4-2 横浜ブルーアベニュー13F | 受託開発ソフトウェア、組み込みソフトウェア、情報処理サービス、ネットワーク・通信関連、SES | 業務システムのほか、組込みソフトウェア・ミドルウェアの開発、サーバー・ネットワーク等ＩＴインフラの構築・運用など、幅広く事業を展開しています。 |,
177,株式会社第一コンピュータサービス,https://www.dcs21.co.jp/,212-0014　川崎市幸区大宮町1310　ミューザ川崎セントラルタワー21F,,受託開発ソフトウェア、組み込みソフトウェア、パッケージソフトウェア、ゲーム・アプリソフトウェア、SES,金融系システムを中心に開発して来ましたが、そこで培った技術を駆使し、流通系の分野にも拡大し、オープン系のシステム開発にも力を入れてきております。,新卒採用 | 中途採用 | 常駐・派遣,,,新卒採用 | 中途採用 | 212-0014 川崎市幸区大宮町1310 ミューザ川崎セントラルタワー21F | 受託開発ソフトウェア、組み込みソフトウェア、パッケージソフトウェア、ゲーム・アプリソフトウェア、SES | 金融系システムを中心に開発して来ましたが、そこで培った技術を駆使し、流通系の分野にも拡大し、オープン系のシステム開発にも力を入れてきております。 | それらに対応できる若い技術者を待っています。 |,
178,高千穂ソフト株式会社,http://takachiho-soft.co.jp,221-0835　横浜市神奈川区鶴屋町2-12-1 鶴屋町第2ビル,,受託開発ソフトウェア、その他の情報サービス,,新卒採用 | 中途採用 | 常駐・派遣,,,新卒採用 | 中途採用 | 221-0835 横浜市神奈川区鶴屋町2-12-1 鶴屋町第2ビル | 受託開発ソフトウェア、その他の情報サービス |,
179,株式会社匠技術研究所,http://www.takumigiken.biz/,215-0002　川崎市麻生区多摩美1-12-11,,特長,,,,,215-0002 川崎市麻生区多摩美1-12-11 |,
180,田辺ＩＴ産業株式会社,https://www.tii.co.jp/company/,227-0034　横浜市青葉区桂台2-23-6,,情報処理サービス、ネットワーク・通信関連、インターネット利用サポート（情報ネットワーク・セキュリティ・サービス）、その他インターネット付随サービス,,中途採用 | 常駐・派遣,,,中途採用 | 227-0034 横浜市青葉区桂台2-23-6 | 情報処理サービス、ネットワーク・通信関連、インターネット利用サポート（情報ネットワーク・セキュリティ・サービス）、その他インターネット付随サービス |,
181,ツークレスト株式会社,http://www.twocrest.com/,231-0063　横浜市中区花咲町3-98　エミネンス紅葉坂301,,特長,,,,,231-0063 横浜市中区花咲町3-98 エミネンス紅葉坂301 |,
182,株式会社ＴＳＵＮＡＧＵ,https://tsunagu.ltd/,230-0051　横浜市鶴見区鶴見中央1-9-3-403,,受託開発ソフトウェア、パッケージソフトウェア,倉庫管理システムを中心とした、,新卒採用 | 中途採用 | インターンシップ,,,新卒採用 | 中途採用 | インターンシップ | 230-0051 横浜市鶴見区鶴見中央1-9-3-403 | 受託開発ソフトウェア、パッケージソフトウェア | 倉庫管理システムを中心とした、 | コンサルティング・物流システム開発を | 行っております。 | その他にも、IoT機器やロボットとの連携、 | お客との伴走支援型の提案・開発を | 行っております。 |,
183,株式会社データープロセスサービス,http://www.dps-net.co.jp/,210-0005　川崎市川崎区東田町８番地パレール三井ビルディング１８階,,受託開発ソフトウェア、組み込みソフトウェア、パッケージソフトウェア、ネットワーク・通信関連,,新卒採用 | 中途採用 | インターンシップ | 常駐・派遣,,,新卒採用 | 中途採用 | インターンシップ | 210-0005 川崎市川崎区東田町８番地パレール三井ビルディング１８階 | 受託開発ソフトウェア、組み込みソフトウェア、パッケージソフトウェア、ネットワーク・通信関連 |,
184,株式会社ディーアンドエーコンサルティング,http://www.dacons.co.jp,220-6216　横浜市西区みなとみらい2-3-5　クイーンズタワーC　16階,,特長,,,,,220-6216 横浜市西区みなとみらい2-3-5 クイーンズタワーC 16階 |,
185,株式会社ディーインクリエイティブ,http://www.d-in.jp/,140-0004　東京都品川区南品川2-4-5　NAビル5F,東京都,特長,,,,,140-0004 東京都品川区南品川2-4-5 NAビル5F |,
186,株式会社ティーエスアールパブリック,https://www.tsr-p.co.jp/,110-0005　東京都台東区上野3-16-3　上野鈴木ビル8F,東京都,受託開発ソフトウェア、パッケージソフトウェア,,新卒採用 | 常駐・派遣,,,新卒採用 | 110-0005 東京都台東区上野3-16-3 上野鈴木ビル8F | 受託開発ソフトウェア、パッケージソフトウェア |,
187,株式会社ティー・エム・シー,http://www.tmc-world.co.jp/tmc,237-0068　横須賀市追浜本町2-1-26,,受託開発ソフトウェア、パッケージソフトウェア,取得資格：Ｐマーク・特定派遣・古物商・食品衛生,新卒採用 | 中途採用 | インターンシップ | 常駐・派遣,,,新卒採用 | 中途採用 | インターンシップ | 237-0068 横須賀市追浜本町2-1-26 | 受託開発ソフトウェア、パッケージソフトウェア | 取得資格：Ｐマーク・特定派遣・古物商・食品衛生 | 所属団体：神奈川県情報サービス産業協会・日本情報技術取引所（ＪＩＥＴ）・横須賀新産業育成推進協議会・ＹＲＰ情報産業協同組合・三浦半島異業種交流会 他 |,
188,ＤＥＬＥ株式会社,https://dele.gr/,210-0855　川崎市川崎区南渡田町1-1　京浜ビル2F,,その他の情報サービス、ネットワーク・通信関連,,中途採用,,,中途採用 | 210-0855 川崎市川崎区南渡田町1-1 京浜ビル2F | その他の情報サービス、ネットワーク・通信関連 |,
189,ディアシステム株式会社 東京オフィス,https://www.dsic.jp/,104-0031　東京都中央区京橋3-1-1　東京スクエアガーデン14F,東京都,特長,,,,,104-0031 東京都中央区京橋3-1-1 東京スクエアガーデン14F |,
190,ディエスソリューション株式会社,https://www.dssolution.jp,105-0001　東京都港区虎ノ門四丁目3番1号　城山トラストタワー4階,東京都,受託開発ソフトウェア,,新卒採用 | 中途採用 | インターンシップ,,,新卒採用 | 中途採用 | インターンシップ | 105-0001 東京都港区虎ノ門四丁目3番1号 城山トラストタワー4階 | 受託開発ソフトウェア |,
191,株式会社テイクス,https://www.takes.ne.jp/,220-8127　横浜市西区みなとみらい2-2-1　横浜ランドマークタワー 27F,,受託開発ソフトウェア、組み込みソフトウェア、情報処理サービス、ネットワーク・通信関連、SES,業務系システム開発、インフラ構築・運用保守を中心に設立から２５年連続で増収増益を達成。東証プライムのＩＳＢのグループ会社です。,新卒採用 | 中途採用 | 常駐・派遣,,,新卒採用 | 中途採用 | 220-8127 横浜市西区みなとみらい2-2-1 横浜ランドマークタワー 27F | 受託開発ソフトウェア、組み込みソフトウェア、情報処理サービス、ネットワーク・通信関連、SES | 業務系システム開発、インフラ構築・運用保守を中心に設立から２５年連続で増収増益を達成。東証プライムのＩＳＢのグループ会社です。 | 定着率が高く成長し続けることを強みとしている企業です。 | 充実した教育システムで社員のスキルアップを応援します。 |,
192,テクニカルジャパン株式会社,https://www.tjp.co.jp,254-0034　平塚市宝町3-1　平塚ＭＮビル5F,,受託開発ソフトウェア、組み込みソフトウェア,,新卒採用 | 中途採用 | インターンシップ | 常駐・派遣,,,新卒採用 | 中途採用 | インターンシップ | 254-0034 平塚市宝町3-1 平塚ＭＮビル5F | 受託開発ソフトウェア、組み込みソフトウェア |,
193,株式会社テクノコア,https://www.techno-core.jp/,101-0047　東京都千代田区内神田1-18-13 内神田中央ビル 4階,東京都,受託開発ソフトウェア、情報処理サービス、ネットワーク・通信関連、その他インターネット付随サービス,SES、請負開発を担うシステム事業部の他、20年続くITスクールを持つ教育事業部があり、これまでで約1200社・10000名に受講いただいております。,新卒採用 | 中途採用,,,新卒採用 | 中途採用 | 101-0047 東京都千代田区内神田1-18-13 内神田中央ビル 4階 | 受託開発ソフトウェア、情報処理サービス、ネットワーク・通信関連、その他インターネット付随サービス | SES、請負開発を担うシステム事業部の他、20年続くITスクールを持つ教育事業部があり、これまでで約1200社・10000名に受講いただいております。 |,
194,テクノスクエア株式会社,http://www.tecsq.co.jp/,210-0015　川崎市川崎区南町1-1　日本生命川崎ビル12F,,特長,,,,,210-0015 川崎市川崎区南町1-1 日本生命川崎ビル12F |,
195,株式会社テクノブレーン,http://www.tbn.co.jp,231-0033　横浜市中区長者町5-85　三共横浜ビル10F,,特長,,,,,231-0033 横浜市中区長者町5-85 三共横浜ビル10F |,
196,株式会社テクノリサーチ,https://www.tecnet.or.jp/,256-0812　小田原市国府津2519-3,,受託開発ソフトウェア、その他の情報サービス、ポータルサイト・サーバ運営、その他インターネット付随サービス,20代が中心の若い会社です。,新卒採用 | 中途採用 | インターンシップ | 常駐・派遣,,,新卒採用 | 中途採用 | インターンシップ | 256-0812 小田原市国府津2519-3 | 受託開発ソフトウェア、その他の情報サービス、ポータルサイト・サーバ運営、その他インターネット付随サービス | 20代が中心の若い会社です。 | 若手社員が中心になって、穏やかで和やかな良い雰囲気を作ってくれています。 | のんびりした社員も多いので、そこも社風に表れていると思います。 |,
197,デジタル・インフォメーション・テクノロジー株式会社,http://www.ditgroup.jp,104-0032　東京都中央区八丁堀4-5-4　FORECAST桜橋3F,東京都,特長,,,,,104-0032 東京都中央区八丁堀4-5-4 FORECAST桜橋3F |,
198,デジタルコム株式会社,https://www.digital-com.com,231-0013　横浜市中区住吉町4-45-1　関内トーセイビルⅡ8F,,特長,■制御系ソフトウエア、アプリケーション開発,,,,231-0013 横浜市中区住吉町4-45-1 関内トーセイビルⅡ8F | ■制御系ソフトウエア、アプリケーション開発 | ・PS4、PS5、PS-VR、3DG | ・短距離ミサイル迎撃システム | ・大陸間弾道弾航跡予測 | ・駅務装置 | ・カプセル内視鏡 |,
199,株式会社デジタルフォルン,https://www.vorn.co.jp/,100-0013　東京都千代田区霞が関3-2-6　東京倶楽部ビルディング9F,東京都,受託開発ソフトウェア、組み込みソフトウェア、情報処理サービス、ネットワーク・通信関連,グローバル・システムソリューションプロバイダ,新卒採用 | 中途採用 | インターンシップ | 常駐・派遣,,,新卒採用 | 中途採用 | インターンシップ | 100-0013 東京都千代田区霞が関3-2-6 東京倶楽部ビルディング9F | 受託開発ソフトウェア、組み込みソフトウェア、情報処理サービス、ネットワーク・通信関連 | グローバル・システムソリューションプロバイダ |,
200,株式会社哲英,https://tetsuei-japan.co.jp/,222-0033　横浜市港北区新横浜3-20-18 セルアージュ新横浜,,受託開発ソフトウェア、その他の情報サービス、その他インターネット付随サービス,,,,,222-0033 横浜市港北区新横浜3-20-18 セルアージュ新横浜 | 受託開発ソフトウェア、その他の情報サービス、その他インターネット付随サービス |,
201,ＴＥＲＡＰＯＣ株式会社,http://www.terapoc.co.jp/,243-0018　厚木市中町4-6-10　新堀ビル本厚木601,,受託開発ソフトウェア、その他インターネット付随サービス,,新卒採用 | 中途採用 | 常駐・派遣,,,新卒採用 | 中途採用 | 243-0018 厚木市中町4-6-10 新堀ビル本厚木601 | 受託開発ソフトウェア、その他インターネット付随サービス |,
202,株式会社デルタエンジニアリング,https://www.delta-group.co.jp/totec/,220-0004　横浜市西区北幸1-11-15　横浜STビル401-B,,受託開発ソフトウェア、組み込みソフトウェア、パッケージソフトウェア、ゲーム・アプリソフトウェア、情報処理サービス、ネットワーク・通信関連、SES,,新卒採用 | 中途採用 | 常駐・派遣,,,新卒採用 | 中途採用 | 220-0004 横浜市西区北幸1-11-15 横浜STビル401-B | 受託開発ソフトウェア、組み込みソフトウェア、パッケージソフトウェア、ゲーム・アプリソフトウェア、情報処理サービス、ネットワーク・通信関連、SES |,
203,株式会社電子工学センター,https://www.eec.co.jp/,211-0053　川崎市中原区上小田中7-6-17,,受託開発ソフトウェア、組み込みソフトウェア、パッケージソフトウェア、ネットワーク・通信関連、SES,１９８２年の設立以来、確かな技術力と対応力が評価されてきた ソフトウェア開発会社です。川崎に本社を置き全国に事業展開しております。幅広い業種のお客様ニーズにお応えする、技術力とサービスの提供を行っております。,新卒採用 | 中途採用 | インターンシップ | 常駐・派遣,,,新卒採用 | 中途採用 | インターンシップ | 211-0053 川崎市中原区上小田中7-6-17 | 受託開発ソフトウェア、組み込みソフトウェア、パッケージソフトウェア、ネットワーク・通信関連、SES | １９８２年の設立以来、確かな技術力と対応力が評価されてきた ソフトウェア開発会社です。川崎に本社を置き全国に事業展開しております。幅広い業種のお客様ニーズにお応えする、技術力とサービスの提供を行っております。 | ◆事業内容◆ | ◎業種、業務別ソリューションの提供（上流工程からのソフトウェア開発サービス） | ◎汎用系、オープン系のパッケージ開発と販売・システム（ネットワーク含む）構築、運用、組込みシステム開発 | ◎自社製品開発、販売、保守 | ◆認証取得・健康への取り組み◆ | ◎川崎市の女性活躍推進制度（かわさき☆えるぼし）取得 | ◎「かながわ子育て応援団」認証企業 | ◎健康優良企業認定 | ～ 今後も従業員一人ひとりが、心身ともに健康でいきいきと働くことができる職場環境の構築を目指してまいります ～ |,
204,株式会社電創,http://www.denso-japan.co.jp/,212-0014　川崎市幸区大宮町15-1　小森山ビル6F,,情報処理サービス、SES,,新卒採用 | 中途採用 | 常駐・派遣,,,新卒採用 | 中途採用 | 212-0014 川崎市幸区大宮町15-1 小森山ビル6F | 情報処理サービス、SES |,
205,株式会社東計電算,http://www.toukei.co.jp/,211-8550　川崎市中原区市ノ坪150,,受託開発ソフトウェア、組み込みソフトウェア、パッケージソフトウェア、情報処理サービス、ネットワーク・通信関連、ASPサービス,,新卒採用 | 中途採用 | インターンシップ | 常駐・派遣,,,新卒採用 | 中途採用 | インターンシップ | 211-8550 川崎市中原区市ノ坪150 | 受託開発ソフトウェア、組み込みソフトウェア、パッケージソフトウェア、情報処理サービス、ネットワーク・通信関連、ASPサービス |,
206,株式会社ドゥシステム,https://dosystem.co.jp,222-0033　横浜市港北区新横浜2-14-27　第一ビルディング5F,,受託開発ソフトウェア、組み込みソフトウェア,,新卒採用 | 中途採用 | インターンシップ,,,新卒採用 | 中途採用 | インターンシップ | 222-0033 横浜市港北区新横浜2-14-27 第一ビルディング5F | 受託開発ソフトウェア、組み込みソフトウェア |,
207,東芝デジタルエンジニアリング株式会社,https://www.toshiba-tden.co.jp/index_j.htm,210-0024　川崎市川崎区日進町1-53　興和川崎東口ビル,,特長,,,,,210-0024 川崎市川崎区日進町1-53 興和川崎東口ビル |,
208,株式会社東洋システムサイエンス,http://www.toyo-sys.co.jp/,220-0011　横浜市西区高島2-10-13,,パッケージソフトウェア,,新卒採用 | 中途採用,,,新卒採用 | 中途採用 | 220-0011 横浜市西区高島2-10-13 | パッケージソフトウェア |,
209,東横システム株式会社,https://www.toyoko-sys.co.jp/,146-0082　東京都大田区池上5-7-12,東京都,受託開発ソフトウェア、組み込みソフトウェア、ネットワーク・通信関連、インターネット利用サポート（情報ネットワーク・セキュリティ・サービス）,【社員 150 名 】【 ソフトウェア開発上流工程からの受託開発 】【 独立系 】【 設立以来 ４３年 連続黒字経営 】【自社ビル】【野球部30名】【ゴルフ部50名】【受託開発：常駐/派遣 ＝ ９：１】,新卒採用 | インターンシップ | 常駐・派遣,,,新卒採用 | インターンシップ | 146-0082 東京都大田区池上5-7-12 | 受託開発ソフトウェア、組み込みソフトウェア、ネットワーク・通信関連、インターネット利用サポート（情報ネットワーク・セキュリティ・サービス） | 【社員 150 名 】【 ソフトウェア開発上流工程からの受託開発 】【 独立系 】【 設立以来 ４３年 連続黒字経営 】【自社ビル】【野球部30名】【ゴルフ部50名】【受託開発：常駐/派遣 ＝ ９：１】 |,
210,株式会社トマト,http://www.jptomato.com/,150-0002　東京都渋谷区渋谷2-11-6　ラウンドクロス渋谷4F,東京都,受託開発ソフトウェア、情報処理サービス,,新卒採用 | 中途採用 | 常駐・派遣,,,新卒採用 | 中途採用 | 150-0002 東京都渋谷区渋谷2-11-6 ラウンドクロス渋谷4F | 受託開発ソフトウェア、情報処理サービス |,
211,トライシステム株式会社,http://www.trisystem.jp/,210-0023　川崎市川崎区小川町11-10　第10平沼ビル4B,,特長,,,,,210-0023 川崎市川崎区小川町11-10 第10平沼ビル4B |,
212,株式会社トランスコスモス・デジタル・テクノロジー,https://www.trans-cosmos-digtec.co.jp/,220-0004　横浜市西区北幸2-8-4　横浜西口KNビル8F,,特長,,,,,220-0004 横浜市西区北幸2-8-4 横浜西口KNビル8F |,
213,ドローン・アイティー株式会社,https://www.drone-it.jp/,235-0022　横浜市磯子区汐見台2-9-1　SD1-301,,情報提供サービス、その他の情報サービス,ドローンで収集したデータを業務で活用する技術を提供し、ドローンを利活用するソリューションの構築をご支援します。,,,,235-0022 横浜市磯子区汐見台2-9-1 SD1-301 | 情報提供サービス、その他の情報サービス | ドローンで収集したデータを業務で活用する技術を提供し、ドローンを利活用するソリューションの構築をご支援します。 | 併せて、機体や機器の販売、ドローンパイロットライセンスの取得もご支援できます。 | よろしくお願いいたします。 |,
214,株式会社ＴＲＯＮＳ,https://www.trons.co.jp/,231-0032　横浜市中区不老町1-2-1　中央第6関内ビル302,,ゲーム・アプリソフトウェア、情報処理サービス,,中途採用 | 常駐・派遣,,,中途採用 | 231-0032 横浜市中区不老町1-2-1 中央第6関内ビル302 | ゲーム・アプリソフトウェア、情報処理サービス |,
215,Ｎａｋａｏｋａ Ｐａｒｔｎｅｒs合同会社,https://nakaoka.work,141-0032　東京都品川区大崎3-5-2　エステージ大崎ビル6F,東京都,情報提供サービス,有料職業紹介事業を営んでおります。,,,,141-0032 東京都品川区大崎3-5-2 エステージ大崎ビル6F | 情報提供サービス | 有料職業紹介事業を営んでおります。 | 会員求人企業に相応しい人材をご紹介します。 |,
216,ナレッジビーンズ株式会社,http://www.knowledgebeans.co.jp/,105-0001　東京都港区虎ノ門5-11-2　オランダヒルズ森タワー18F,東京都,特長,,,,,105-0001 東京都港区虎ノ門5-11-2 オランダヒルズ森タワー18F |,
217,日興テクノス株式会社,https://www.nikko-technos.com/,235-0023　横浜市磯子区森3-3-5,,受託開発ソフトウェア、パッケージソフトウェア、情報処理サービス、ネットワーク・通信関連、インターネット利用サポート（情報ネットワーク・セキュリティ・サービス）,1946年に創業し、IT/ネットワークの企画から設計構築、運用保守まで担っています。,新卒採用 | 中途採用 | インターンシップ | 常駐・派遣,,,新卒採用 | 中途採用 | インターンシップ | 235-0023 横浜市磯子区森3-3-5 | 受託開発ソフトウェア、パッケージソフトウェア、情報処理サービス、ネットワーク・通信関連、インターネット利用サポート（情報ネットワーク・セキュリティ・サービス） | 1946年に創業し、IT/ネットワークの企画から設計構築、運用保守まで担っています。 | 健康経営優良法人ブライト500に4年連続で認定されていて働き方改革に力を入れています。 |,
218,日産車体コンピュータサービス株式会社,http://www.ncs-net.co.jp/,254-0042　平塚市明石町2-20,,受託開発ソフトウェア、パッケージソフトウェア、情報処理サービス、その他の情報サービス,私たちの使命は、お客様の「困り事」を、ＩＴ技術を使ってシステム化し、解決することです。,新卒採用 | 中途採用,,,新卒採用 | 中途採用 | 254-0042 平塚市明石町2-20 | 受託開発ソフトウェア、パッケージソフトウェア、情報処理サービス、その他の情報サービス | 私たちの使命は、お客様の「困り事」を、ＩＴ技術を使ってシステム化し、解決することです。 | システムインテグレーションを通じてお客様に「変革」と「安心」をご提供してきた数々の実績は、永年に亘り培ってきた信頼の証です。 | お客様のニーズを分析し、プランニングからシステム開発、必要なハードウェア・ソフトウェアの選定・導入、運用・保守に至るまで トータルにサポートします。 |,
219,株式会社日本アシスト,https://www.n-assist.co.jp/,230-0051　横浜市鶴見区鶴見中央4-36-1　ナイス第2ビル6F,,受託開発ソフトウェア、組み込みソフトウェア、情報処理サービス,,新卒採用 | 中途採用 | 常駐・派遣,,,新卒採用 | 中途採用 | 230-0051 横浜市鶴見区鶴見中央4-36-1 ナイス第2ビル6F | 受託開発ソフトウェア、組み込みソフトウェア、情報処理サービス |,
220,株式会社日本インテリジェントビジネス,https://www.jib-japan.com/,238-0004　横須賀市小川町28-1　横須賀ハイム211,,受託開発ソフトウェア、情報処理サービス、情報提供サービス、その他の情報サービス、ネットワーク・通信関連,少数精鋭で信頼性豊かな製品を開発する。現在は汎用系から移動体通信分野に業務を展開している。,新卒採用 | 常駐・派遣,,,新卒採用 | 238-0004 横須賀市小川町28-1 横須賀ハイム211 | 受託開発ソフトウェア、情報処理サービス、情報提供サービス、その他の情報サービス、ネットワーク・通信関連 | 少数精鋭で信頼性豊かな製品を開発する。現在は汎用系から移動体通信分野に業務を展開している。 |,
221,株式会社日本グラフィックシステムズ,http://k-ngs.co.jp,231-0021　横浜市中区日本大通り11 横浜情報文化センター12F,,特長,１．人材の育成　２．情報化社会の発展に貢献する,,,,231-0021 横浜市中区日本大通り11 横浜情報文化センター12F | １．人材の育成 ２．情報化社会の発展に貢献する |,
222,株式会社日本コンサルタントグループ,https://www.niccon.co.jp/,163-0527　東京都新宿区西新宿1-26-2　新宿野村ビル27F,東京都,その他の情報サービス,総合経営コンサルタント業（企業診断・改善指標・人材育成・能力開発・市場調査・地域開発・ｅメールプロモーション・出版事業）,,,,163-0527 東京都新宿区西新宿1-26-2 新宿野村ビル27F | その他の情報サービス | 総合経営コンサルタント業（企業診断・改善指標・人材育成・能力開発・市場調査・地域開発・ｅメールプロモーション・出版事業） |,
223,株式会社日本コンピュータコンサルタント,https://www.n-c-c.co.jp,221-0052　横浜市神奈川区栄町5-1　横浜クリエーションスクエア6F,,受託開発ソフトウェア、パッケージソフトウェア,,新卒採用 | 中途採用 | インターンシップ | 常駐・派遣,,,新卒採用 | 中途採用 | インターンシップ | 221-0052 横浜市神奈川区栄町5-1 横浜クリエーションスクエア6F | 受託開発ソフトウェア、パッケージソフトウェア |,
224,日本システムスタデイ株式会社,https://www.nss-net.co.jp/,231-0011　横浜市中区太田町6-87　横浜フコク生命ビル8F,,受託開発ソフトウェア、パッケージソフトウェア、SES,創業1976年よりソフトウエア開発をメイン業務として今日に至っております。,新卒採用 | 中途採用,,,新卒採用 | 中途採用 | 231-0011 横浜市中区太田町6-87 横浜フコク生命ビル8F | 受託開発ソフトウェア、パッケージソフトウェア、SES | 創業1976年よりソフトウエア開発をメイン業務として今日に至っております。 | 受託開発、SES事業、パッケージ開発を行っている企業です。 |,
225,日本ソフトウェアマネジメント株式会社,https://www.jsm.co.jp,221-0056　横浜市神奈川区金港町5-32　ベイフロント横浜７Ｆ,,受託開発ソフトウェア、パッケージソフトウェア,,新卒採用 | 中途採用 | 常駐・派遣,,,新卒採用 | 中途採用 | 221-0056 横浜市神奈川区金港町5-32 ベイフロント横浜７Ｆ | 受託開発ソフトウェア、パッケージソフトウェア |,
226,日本データスキル株式会社,http://www.nds.co.jp,221-0056　横浜市神奈川区金港町1-7　横浜ダイヤビルディング25F,,受託開発ソフトウェア、組み込みソフトウェア、パッケージソフトウェア、情報処理サービス、ネットワーク・通信関連、SES、ASPサービス,技術の維持・向上に努め、独自性豊かなプロダクツでIT社会に貢献していく「創造（CREATE）」を企業理念に掲げています。また、何ごとにも誠意をもってあたる「誠意実行」を行動指針としています。,新卒採用 | 中途採用 | 常駐・派遣,,,新卒採用 | 中途採用 | 221-0056 横浜市神奈川区金港町1-7 横浜ダイヤビルディング25F | 受託開発ソフトウェア、組み込みソフトウェア、パッケージソフトウェア、情報処理サービス、ネットワーク・通信関連、SES、ASPサービス | 技術の維持・向上に努め、独自性豊かなプロダクツでIT社会に貢献していく「創造（CREATE）」を企業理念に掲げています。また、何ごとにも誠意をもってあたる「誠意実行」を行動指針としています。 |,
227,日本テクノストラクチャア株式会社 新横浜営業所,https://www.nihon-tesco.co.jp/,222-0033　横浜市港北区新横浜2-7-17,,受託開発ソフトウェア、組み込みソフトウェア、その他の情報サービス,アプリケーションを主体とするコンピュータソフトウェアのシステム開発。,新卒採用 | 中途採用 | 常駐・派遣,,,新卒採用 | 中途採用 | 222-0033 横浜市港北区新横浜2-7-17 | 受託開発ソフトウェア、組み込みソフトウェア、その他の情報サービス | アプリケーションを主体とするコンピュータソフトウェアのシステム開発。 | 大手メーカ各社より、ベストパートナーとして長きにわたり信頼をいただき、社会の重要インフラの開発に携わり幅広い分野で社会仕組みづくりを支えています。 |,
228,日本ノアーズ株式会社,https://www.nno.co.jp,231-0016　横浜市中区真砂町4-43 木下商事ビル,,受託開発ソフトウェア、ゲーム・アプリソフトウェア、ネットワーク・通信関連,,新卒採用 | 中途採用 | 常駐・派遣,,,新卒採用 | 中途採用 | 231-0016 横浜市中区真砂町4-43 木下商事ビル | 受託開発ソフトウェア、ゲーム・アプリソフトウェア、ネットワーク・通信関連 |,
229,株式会社日本マネジメントシステム,http://www.j-ms.biz/,231-0015　横浜市中区尾上町4-47　リスト関内ビル2F,,特長,ＩＳＯの認証取得支援事業とシステム開発事業に長く携わってきたことから、技術的情報セキュリティとマネジメントシステムとしての情報セキュリティの両面から情報セキュリティサービスを展開しています。,,,,231-0015 横浜市中区尾上町4-47 リスト関内ビル2F | ＩＳＯの認証取得支援事業とシステム開発事業に長く携わってきたことから、技術的情報セキュリティとマネジメントシステムとしての情報セキュリティの両面から情報セキュリティサービスを展開しています。 |,
230,ニューテック株式会社,https://nutec-net.co.jp/,221-0031　横浜市神奈川区新浦島町1-1-32　アクアリアタワー横浜17F,,受託開発ソフトウェア、パッケージソフトウェア、情報処理サービス、SES,お客様と共にシステムの要件を検討するフェーズから設計開発、保守運用に至るまで自社スタッフで対応,新卒採用 | 中途採用 | インターンシップ | 常駐・派遣,,,新卒採用 | 中途採用 | インターンシップ | 221-0031 横浜市神奈川区新浦島町1-1-32 アクアリアタワー横浜17F | 受託開発ソフトウェア、パッケージソフトウェア、情報処理サービス、SES | お客様と共にシステムの要件を検討するフェーズから設計開発、保守運用に至るまで自社スタッフで対応 | 基幹業務システム、販売管理システムの構築をはじめとし、多様なシステム構築の実績があります。 |,
231,株式会社ネオ・システム,https://www.neo-system.co.jp,113-0033　東京都文京区本郷2-20-11　石飛ビル,東京都,情報処理サービス、SES,,新卒採用 | 中途採用 | 常駐・派遣,,,新卒採用 | 中途採用 | 113-0033 東京都文京区本郷2-20-11 石飛ビル | 情報処理サービス、SES |,
232,株式会社ネオジャパン,http://www.neo.co.jp/,220-8110　横浜市西区みなとみらい2-2-1　ランドマークタワー10F,,特長,,,,,220-8110 横浜市西区みなとみらい2-2-1 ランドマークタワー10F |,
233,ネクスト・ステージ・コンピューティング株式会社,http://www.nscomputing.co.jp/,242-0021　大和市中央1-2-4　レールサイドビル5F,,特長,,,,,242-0021 大和市中央1-2-4 レールサイドビル5F |,
234,ネットチャート株式会社,https://www.ncj.co.jp/,222-0033　横浜市港北区新横浜2-15-10　 ＹＳ新横浜ビル8Ｆ,,情報処理サービス、その他の情報サービス、ネットワーク・通信関連、インターネット利用サポート（情報ネットワーク・セキュリティ・サービス）,IIJの100％子会社として、ネットワークインフラに関わる全てを提供している会社です。,新卒採用 | 中途採用 | インターンシップ | 常駐・派遣,,,新卒採用 | 中途採用 | インターンシップ | 222-0033 横浜市港北区新横浜2-15-10 ＹＳ新横浜ビル8Ｆ | 情報処理サービス、その他の情報サービス、ネットワーク・通信関連、インターネット利用サポート（情報ネットワーク・セキュリティ・サービス） | IIJの100％子会社として、ネットワークインフラに関わる全てを提供している会社です。 |,
235,株式会社ネットフォレスト,https://www.netforest.ad.jp/,221-0052　横浜市神奈川区栄町5-1　横浜クリエーションスクエア16F,,ネットワーク・通信関連、ポータルサイト・サーバ運営、インターネット利用サポート（情報ネットワーク・セキュリティ・サービス）、その他インターネット付随サービス,,新卒採用 | 中途採用 | インターンシップ,,,新卒採用 | 中途採用 | インターンシップ | 221-0052 横浜市神奈川区栄町5-1 横浜クリエーションスクエア16F | ネットワーク・通信関連、ポータルサイト・サーバ運営、インターネット利用サポート（情報ネットワーク・セキュリティ・サービス）、その他インターネット付随サービス |,
236,ネットリサーチ株式会社,http://www.nrc-corp.jp/,211-0011　川崎市中原区下沼部1758-7,,SES,,新卒採用 | 中途採用 | 常駐・派遣,,,新卒採用 | 中途採用 | 211-0011 川崎市中原区下沼部1758-7 | SES |,
237,ネットワークプランニングサービス株式会社,http://www.nps-inc.jp/,251-0015　藤沢市川名1-7-30,,特長,,,,,251-0015 藤沢市川名1-7-30 |,
238,ノックスデータ株式会社,https://www.knox.co.jp/,140-0013　東京都品川区南大井6-26-2　大森ベルポートB館10F,東京都,受託開発ソフトウェア、組み込みソフトウェア、ネットワーク・通信関連,,新卒採用 | 中途採用 | インターンシップ | 常駐・派遣,,,新卒採用 | 中途採用 | インターンシップ | 140-0013 東京都品川区南大井6-26-2 大森ベルポートB館10F | 受託開発ソフトウェア、組み込みソフトウェア、ネットワーク・通信関連 |,
239,株式会社ハイマックス,https://www.himacs.jp/,220-6216　横浜市西区みなとみらい2-3-5　クイーンズタワーC棟,,情報処理サービス、情報提供サービス,東証スタンダード市場に上場しております。,新卒採用 | 常駐・派遣,,,新卒採用 | 220-6216 横浜市西区みなとみらい2-3-5 クイーンズタワーC棟 | 情報処理サービス、情報提供サービス | 東証スタンダード市場に上場しております。 | 今後も皆様方のご期待にお応えすべく、更なる業容の拡大と企業価値の向上に努めてまいります。 |,
240,ハイライズ株式会社,http://www.hirise.co.jp/,221-0851　横浜市神奈川区三ツ沢中町10-8　ライオンズマンションヨコハマ三ツ沢101号,,特長,,,,,221-0851 横浜市神奈川区三ツ沢中町10-8 ライオンズマンションヨコハマ三ツ沢101号 |,
241,株式会社ハクエイ,https://www.hakuei-net.co.jp/,231-0031　横浜市中区万代町1-2-12　VORT横浜関内Ⅲ7F-B,,SES,,新卒採用 | 中途採用 | インターンシップ | 常駐・派遣,,,新卒採用 | 中途採用 | インターンシップ | 231-0031 横浜市中区万代町1-2-12 VORT横浜関内Ⅲ7F-B | SES |,
242,株式会社パシオン,https://www.pasion.co.jp,221-0056　横浜市神奈川区金港町1-7 横浜ダイヤビルディング25F,,受託開発ソフトウェア、SES,,新卒採用 | 中途採用 | 常駐・派遣,,,新卒採用 | 中途採用 | 221-0056 横浜市神奈川区金港町1-7 横浜ダイヤビルディング25F | 受託開発ソフトウェア、SES |,
243,株式会社ハッピーデザイン,http://www.happy-design.co.jp/,150-0044　東京都渋谷区円山町23-9　藤和コーポ204,東京都,受託開発ソフトウェア、ゲーム・アプリソフトウェア、情報処理サービス、その他の情報サービス、ネットワーク・通信関連、ポータルサイト・サーバ運営、SES、インターネット利用サポート（情報ネットワーク・セキュリティ・サービス）、その他インターネット付随サービス,当社はIT企業では珍しく社員の半数以上が女性です。平均年齢も27.5歳と若手の活躍するSESの企業です！,新卒採用 | 中途採用 | インターンシップ | 常駐・派遣,,,新卒採用 | 中途採用 | インターンシップ | 150-0044 東京都渋谷区円山町23-9 藤和コーポ204 | 受託開発ソフトウェア、ゲーム・アプリソフトウェア、情報処理サービス、その他の情報サービス、ネットワーク・通信関連、ポータルサイト・サーバ運営、SES、インターネット利用サポート（情報ネットワーク・セキュリティ・サービス）、その他インターネット付随サービス | 当社はIT企業では珍しく社員の半数以上が女性です。平均年齢も27.5歳と若手の活躍するSESの企業です！ |,
244,ハル・エンジニアリング株式会社,https://www.haleng.co.jp,220-0023　横浜市西区平沼1-39-3　三石ヨコハマビル,,受託開発ソフトウェア、組み込みソフトウェア、ゲーム・アプリソフトウェア,,新卒採用 | 常駐・派遣,,,新卒採用 | 220-0023 横浜市西区平沼1-39-3 三石ヨコハマビル | 受託開発ソフトウェア、組み込みソフトウェア、ゲーム・アプリソフトウェア |,
245,株式会社パルディアス,http://paldies.co.jp/,150-0001　東京都渋谷区神宮前6-19-16　越一ビル3F,東京都,特長,,,,,150-0001 東京都渋谷区神宮前6-19-16 越一ビル3F |,
246,株式会社ビー・エス・ピー,https://www.bsp-web.co.jp/,221-0052　横浜市神奈川区栄町2-9　東部ヨコハマビル,,受託開発ソフトウェア、ネットワーク・通信関連、SES、インターネット利用サポート（情報ネットワーク・セキュリティ・サービス）,,新卒採用 | 中途採用 | インターンシップ | 常駐・派遣,,,新卒採用 | 中途採用 | インターンシップ | 221-0052 横浜市神奈川区栄町2-9 東部ヨコハマビル | 受託開発ソフトウェア、ネットワーク・通信関連、SES、インターネット利用サポート（情報ネットワーク・セキュリティ・サービス） |,
247,株式会社ピー・アール・オー,https://www.pro-japan.co.jp/,231-0023　横浜市中区山下町123-1　横浜クリードビル6F,,受託開発ソフトウェア、組み込みソフトウェア、パッケージソフトウェア、ゲーム・アプリソフトウェア,「あったらいいな。を実現する」という企業理念を掲げて、Webサービス開発・スマートフォン向けアプリゲーム、プラットフォーム開発、ブロックチェーンシステム開発、IoTアプリケーション開発などを手がけています。,新卒採用 | 中途採用 | 常駐・派遣,,,新卒採用 | 中途採用 | 231-0023 横浜市中区山下町123-1 横浜クリードビル6F | 受託開発ソフトウェア、組み込みソフトウェア、パッケージソフトウェア、ゲーム・アプリソフトウェア | 「あったらいいな。を実現する」という企業理念を掲げて、Webサービス開発・スマートフォン向けアプリゲーム、プラットフォーム開発、ブロックチェーンシステム開発、IoTアプリケーション開発などを手がけています。 |,
248,ピー・アイ・スクエア株式会社,https://www.pisquare.co.jp/,221-0835　横浜市神奈川区鶴屋町3-29-3,,受託開発ソフトウェア、組み込みソフトウェア,,新卒採用 | 中途採用 | インターンシップ | 常駐・派遣,,,新卒採用 | 中途採用 | インターンシップ | 221-0835 横浜市神奈川区鶴屋町3-29-3 | 受託開発ソフトウェア、組み込みソフトウェア |,
249,株式会社PE-BANK,https://pe-bank.co.jp/,108-0074　東京都港区高輪2-15-8　グレイスビル泉岳寺前,東京都,受託開発ソフトウェア、組み込みソフトウェア、ゲーム・アプリソフトウェア、その他の情報サービス、ネットワーク・通信関連,,新卒採用 | 中途採用 | 常駐・派遣,,,新卒採用 | 中途採用 | 108-0074 東京都港区高輪2-15-8 グレイスビル泉岳寺前 | 受託開発ソフトウェア、組み込みソフトウェア、ゲーム・アプリソフトウェア、その他の情報サービス、ネットワーク・通信関連 |,
250,株式会社ビーシーエス,http://www.biz-cs.com/,102-0083　東京都千代田区麹町一丁目6番3号クレール麹町503,東京都,受託開発ソフトウェア、その他の情報サービス、SES,,新卒採用 | 中途採用 | 常駐・派遣,,,新卒採用 | 中途採用 | 102-0083 東京都千代田区麹町一丁目6番3号クレール麹町503 | 受託開発ソフトウェア、その他の情報サービス、SES |,
251,株式会社ビジネスランド,http://www.dps-net.co.jp/brd/,210-0005　川崎市川崎区東田町８番地パレール三井ビルディング１８階,,特長,,,,,210-0005 川崎市川崎区東田町８番地パレール三井ビルディング１８階 |,
252,株式会社ビット,http://www.bit-corp.co.jp,220-0012　横浜市西区みなとみらい4-4-2　横浜ブルーアベニュー5F,,受託開発ソフトウェア、パッケージソフトウェア、情報処理サービス、その他の情報サービス、ネットワーク・通信関連、その他インターネット付随サービス,業務システム開発・保守およびプロダクト販売として,新卒採用 | 中途採用 | 常駐・派遣,,,新卒採用 | 中途採用 | 220-0012 横浜市西区みなとみらい4-4-2 横浜ブルーアベニュー5F | 受託開発ソフトウェア、パッケージソフトウェア、情報処理サービス、その他の情報サービス、ネットワーク・通信関連、その他インターネット付随サービス | 業務システム開発・保守およびプロダクト販売として | RPAおよびAIに力を入れてます。 |,
253,株式会社ビットグローバルユニット,https://bit-gu.com/,220-0012　横浜市西区みなとみらい4-4-2,,受託開発ソフトウェア、情報処理サービス,日英バイリンガルのミャンマー人エンジニアによるSES（システムエンジニアリングサービス）中心の会社です,中途採用,,,中途採用 | 220-0012 横浜市西区みなとみらい4-4-2 | 受託開発ソフトウェア、情報処理サービス | 日英バイリンガルのミャンマー人エンジニアによるSES（システムエンジニアリングサービス）中心の会社です |,
254,株式会社ヒューマニクス,https://www.hmx.co.jp/,102-0074　東京都千代田区九段南3-5-3　九段サウスビル2F,東京都,受託開発ソフトウェア、パッケージソフトウェア、ネットワーク・通信関連,社名の由来は、ヒューマン＋ｉ(インターフェース、アイデンティティ、・・・愛)＋Ｘ(新たな創造)。当社は、お客様と社員のより良い未来を追求することで、広く社会に貢献する企業となりたいと考えております。,新卒採用 | 中途採用 | 常駐・派遣,,,新卒採用 | 中途採用 | 102-0074 東京都千代田区九段南3-5-3 九段サウスビル2F | 受託開発ソフトウェア、パッケージソフトウェア、ネットワーク・通信関連 | 社名の由来は、ヒューマン＋ｉ(インターフェース、アイデンティティ、・・・愛)＋Ｘ(新たな創造)。当社は、お客様と社員のより良い未来を追求することで、広く社会に貢献する企業となりたいと考えております。 |,
255,株式会社ヒューマンアンドテクノロジ,http://hat-world.co.jp/,225-0002　横浜市青葉区美しが丘5-34-4　第5吉春ビル202,,受託開発ソフトウェア、組み込みソフトウェア,,新卒採用 | 中途採用 | 常駐・派遣,,,新卒採用 | 中途採用 | 225-0002 横浜市青葉区美しが丘5-34-4 第5吉春ビル202 | 受託開発ソフトウェア、組み込みソフトウェア |,
256,ヒューマンズ・ネット株式会社,https://www.hm-net.co.jp/,250-0012　小田原市本町1-4-7　朝日生命小田原ビル,,受託開発ソフトウェア、組み込みソフトウェア、情報処理サービス、その他の情報サービス、ネットワーク・通信関連、ポータルサイト・サーバ運営、SES,,新卒採用 | 中途採用 | インターンシップ | 常駐・派遣,,,新卒採用 | 中途採用 | インターンシップ | 250-0012 小田原市本町1-4-7 朝日生命小田原ビル | 受託開発ソフトウェア、組み込みソフトウェア、情報処理サービス、その他の情報サービス、ネットワーク・通信関連、ポータルサイト・サーバ運営、SES |,
257,株式会社ブースターテクノロジー,http://www.booster-technology.com/,211-0053　川崎市中原区上小田中7-1-17-302,,受託開発ソフトウェア、情報処理サービス、その他の情報サービス、ポータルサイト・サーバ運営、その他インターネット付随サービス,,,,,211-0053 川崎市中原区上小田中7-1-17-302 | 受託開発ソフトウェア、情報処理サービス、その他の情報サービス、ポータルサイト・サーバ運営、その他インターネット付随サービス |,
258,株式会社Fabbi Japan,https://fabbi-japan.jp/,113-0033　東京都文京区本郷4-16-6　天翔オフィス後楽園 11階1105号,東京都,特長,,,,,113-0033 東京都文京区本郷4-16-6 天翔オフィス後楽園 11階1105号 |,
259,フォーディーネットワークス株式会社,http://www.4dn.co.jp/,108-0074　東京都港区高輪2-16-53　伊皿子二番館4F,東京都,特長,,,,,108-0074 東京都港区高輪2-16-53 伊皿子二番館4F |,
260,株式会社フォーラム・サイエンス,http://www.forum-science.co.jp/,170-0013　東京都豊島区東池袋4-8-8　東池袋パークビル6F,東京都,特長,,,,,170-0013 東京都豊島区東池袋4-8-8 東池袋パークビル6F |,
261,株式会社フジシステムズ,https://www.fujisystems.co.jp/,220-0004　横浜市西区北幸2-10-36,,受託開発ソフトウェア、組み込みソフトウェア、パッケージソフトウェア、情報処理サービス、その他の情報サービス、ネットワーク・通信関連、SES、ASPサービス、インターネット利用サポート（情報ネットワーク・セキュリティ・サービス）、その他インターネット付随サービス,AWS関連システム・決済システム・放送系システム・ISP系基幹システムに強みがございます。,新卒採用 | 中途採用 | 常駐・派遣,,,新卒採用 | 中途採用 | 220-0004 横浜市西区北幸2-10-36 | 受託開発ソフトウェア、組み込みソフトウェア、パッケージソフトウェア、情報処理サービス、その他の情報サービス、ネットワーク・通信関連、SES、ASPサービス、インターネット利用サポート（情報ネットワーク・セキュリティ・サービス）、その他インターネット付随サービス | AWS関連システム・決済システム・放送系システム・ISP系基幹システムに強みがございます。 |,
262,株式会社富士テクノソリューションズ,http://www.fjtsc.co.jp,243-0018　厚木市中町4-10-8　厚木アザレアビル3F,,情報処理サービス,,新卒採用 | 中途採用 | インターンシップ | 常駐・派遣,,,新卒採用 | 中途採用 | インターンシップ | 243-0018 厚木市中町4-10-8 厚木アザレアビル3F | 情報処理サービス |,
263,株式会社富士ミライ,https://www.fjmirai.co.jp,243-0018　厚木市中町4-10-8　厚木アザレアビル3F,,受託開発ソフトウェア、組み込みソフトウェア、情報処理サービス、情報提供サービス、その他の情報サービス、ネットワーク・通信関連,システム開発（WEB・Windows・組込）を中心にクラウド・AI活用（データ分析）・セキュリティをキーワードに事業展開しています,中途採用 | 常駐・派遣,,,中途採用 | 243-0018 厚木市中町4-10-8 厚木アザレアビル3F | 受託開発ソフトウェア、組み込みソフトウェア、情報処理サービス、情報提供サービス、その他の情報サービス、ネットワーク・通信関連 | システム開発（WEB・Windows・組込）を中心にクラウド・AI活用（データ分析）・セキュリティをキーワードに事業展開しています |,
264,株式会社フューチャーネットワークス,https://www.fnet.ne.jp,231-8418　神奈川県横浜市中区桜木町1-1-8-2県民共済プラザビル9階,神奈川県,受託開発ソフトウェア、パッケージソフトウェア、ゲーム・アプリソフトウェア、ネットワーク・通信関連、ポータルサイト・サーバ運営、ASPサービス、その他インターネット付随サービス,インターネットに関わる業務はすべてワンストップで行っているため、お客様の保守管理が一元管理でき、スピーディに対応できます。ネットワーク・システム開発も行っています。,中途採用 | インターンシップ | 常駐・派遣,,,中途採用 | インターンシップ | 231-8418 神奈川県横浜市中区桜木町1-1-8-2県民共済プラザビル9階 | 受託開発ソフトウェア、パッケージソフトウェア、ゲーム・アプリソフトウェア、ネットワーク・通信関連、ポータルサイト・サーバ運営、ASPサービス、その他インターネット付随サービス | インターネットに関わる業務はすべてワンストップで行っているため、お客様の保守管理が一元管理でき、スピーディに対応できます。ネットワーク・システム開発も行っています。 |,
265,株式会社ブリリアント,http://www.bril.co.jp/,190-0023　東京都立川市柴崎町2-11-20　立川日本堂ビル4F,東京都,特長,,,,,190-0023 東京都立川市柴崎町2-11-20 立川日本堂ビル4F |,
266,株式会社ブレイド,https://www.braid.co.jp/,242-0017　大和市大和東2-2-13　アサヒヤマトビル4F,,受託開発ソフトウェア,,新卒採用 | インターンシップ | 常駐・派遣,,,新卒採用 | インターンシップ | 242-0017 大和市大和東2-2-13 アサヒヤマトビル4F | 受託開発ソフトウェア |,
267,ＰｒｏＧＡＴＥ株式会社,https://www.pro-g.co.jp/,239-0847　横須賀市光の丘3-4　YRPセンター1番館413,,受託開発ソフトウェア、組み込みソフトウェア、パッケージソフトウェア、情報処理サービス、その他の情報サービス、ネットワーク・通信関連,新たなITライフスタイルをデザインし、,新卒採用 | 中途採用 | インターンシップ | 常駐・派遣,,,新卒採用 | 中途採用 | インターンシップ | 239-0847 横須賀市光の丘3-4 YRPセンター1番館413 | 受託開発ソフトウェア、組み込みソフトウェア、パッケージソフトウェア、情報処理サービス、その他の情報サービス、ネットワーク・通信関連 | 新たなITライフスタイルをデザインし、 | 自然と共存するYokosuka Research Park を拠点に働く仲間のゆとりあるライフスタイルとキャリアアップを支援します！ |,
268,合同会社プロセスデザイン総合教育研究所,https://pdli-web.jimdosite.com/,194-0021　東京都町田市中町4-7-4-207,東京都,情報提供サービス、その他の情報サービス,ＤＸ人材育成が特徴です,,,,194-0021 東京都町田市中町4-7-4-207 | 情報提供サービス、その他の情報サービス | ＤＸ人材育成が特徴です | ・ＤＸ人材を育成していくには、４つの知識とスキルが必要です。 | ▪方法論（メソドロジー）に関する知識とスキル | ▪適用業務に関する知識とスキル | ▪マネジメントを含むヒューマンウェアに関する知識とスキル | ▪情報システムに関する知識とスキル |,
269,株式会社フロンティアポート,https://www.fpcom.jp/,222-0033　横浜市港北区新横浜2-2-15　パレアナビル6Ｆ,,特長,請負業務やRPAのシステム提案販売を行っております。,,,,222-0033 横浜市港北区新横浜2-2-15 パレアナビル6Ｆ | 請負業務やRPAのシステム提案販売を行っております。 | 今後は、ファームウェア開発や制御装置開発(シーケンサ等)等新たなる分野への進出を考えております。 |,
270,株式会社ベスタッフ,http://www.bestaff.co.jp/,220-0004　横浜市西区北幸2-10-27　東武立野ビル7F,,特長,,,,,220-0004 横浜市西区北幸2-10-27 東武立野ビル7F |,
271,株式会社ボーテックス,https://www.vtx.co.jp/,231-0021　横浜市中区日本大通11　横浜情報文化センター12F,,受託開発ソフトウェア、組み込みソフトウェア、情報処理サービス、ネットワーク・通信関連,,新卒採用 | 中途採用 | 常駐・派遣,,,新卒採用 | 中途採用 | 231-0021 横浜市中区日本大通11 横浜情報文化センター12F | 受託開発ソフトウェア、組み込みソフトウェア、情報処理サービス、ネットワーク・通信関連 |,
272,株式会社ホープクリエイト,https://www.hcc-net.co.jp/,221-0835　横浜市神奈川区鶴屋町3-30-4　明治安田生命横浜西口ビル6F,,情報処理サービス,,新卒採用 | 中途採用 | 常駐・派遣,,,新卒採用 | 中途採用 | 221-0835 横浜市神奈川区鶴屋町3-30-4 明治安田生命横浜西口ビル6F | 情報処理サービス |,
273,株式会社HOKUTO,http://hokuto-jpn.com/,221-0835　横浜市神奈川区鶴屋町3-31-5　久保田ビル3F,,特長,,,,,221-0835 横浜市神奈川区鶴屋町3-31-5 久保田ビル3F |,
274,株式会社マネーパートナーズソリューションズ,https://www.mpsol.co.jp/,104-0061　東京都中央区銀座8-17-1　PMO銀座Ⅱ 6F,東京都,受託開発ソフトウェア、ゲーム・アプリソフトウェア、情報処理サービス、情報提供サービス、その他の情報サービス、インターネット利用サポート（情報ネットワーク・セキュリティ・サービス）、その他インターネット付随サービス,フィンテック、ＡＩ、ＩｏＴ、ブロックチェーン、高度セキュリティなど最新テクノロジーを組合せた大規模からPoc規模のシステム企画及びシステム開発を得意としてます。,新卒採用 | 中途採用,,,新卒採用 | 中途採用 | 104-0061 東京都中央区銀座8-17-1 PMO銀座Ⅱ 6F | 受託開発ソフトウェア、ゲーム・アプリソフトウェア、情報処理サービス、情報提供サービス、その他の情報サービス、インターネット利用サポート（情報ネットワーク・セキュリティ・サービス）、その他インターネット付随サービス | フィンテック、ＡＩ、ＩｏＴ、ブロックチェーン、高度セキュリティなど最新テクノロジーを組合せた大規模からPoc規模のシステム企画及びシステム開発を得意としてます。 |,
275,ミツイワ株式会社 横浜営業部,https://www.mitsuiwa.co.jp/,220-0004　横浜市西区北幸2-10-39　日総第五ビル8F,,特長,,,,,220-0004 横浜市西区北幸2-10-39 日総第五ビル8F |,
276,ミネベア ソフトウェアソリューションズ株式会社,https://www.minebea-ss.com/,210-0005　川崎市川崎区東田町8番地　パレール三井ビルディング14階,,受託開発ソフトウェア、組み込みソフトウェア、情報処理サービス、情報提供サービス、その他の情報サービス,,新卒採用 | 中途採用 | 常駐・派遣,,,新卒採用 | 中途採用 | 210-0005 川崎市川崎区東田町8番地 パレール三井ビルディング14階 | 受託開発ソフトウェア、組み込みソフトウェア、情報処理サービス、情報提供サービス、その他の情報サービス |,
277,株式会社宮川製作所,http://www.msk.co.jp,222-0001　横浜市港北区樽町2-1-6,,受託開発ソフトウェア、組み込みソフトウェア、ネットワーク・通信関連、ポータルサイト・サーバ運営,”つなぐ技術で”未来の社会をかたちにする,新卒採用 | 中途採用 | インターンシップ | 常駐・派遣,,,新卒採用 | 中途採用 | インターンシップ | 222-0001 横浜市港北区樽町2-1-6 | 受託開発ソフトウェア、組み込みソフトウェア、ネットワーク・通信関連、ポータルサイト・サーバ運営 | ”つなぐ技術で”未来の社会をかたちにする |,
278,株式会社宮崎通信,https://www.mtnet.co.jp/,223-0057　横浜市港北区新羽町1144-1,,受託開発ソフトウェア、情報処理サービス、ネットワーク・通信関連、インターネット利用サポート（情報ネットワーク・セキュリティ・サービス）,1995年創業の当社はITインフラをワンストップで提供し、ソフトウェア開発、サーバ構築、通信・電気工事、サポートデスクを手がけています。,新卒採用 | 中途採用 | 常駐・派遣,,,新卒採用 | 中途採用 | 223-0057 横浜市港北区新羽町1144-1 | 受託開発ソフトウェア、情報処理サービス、ネットワーク・通信関連、インターネット利用サポート（情報ネットワーク・セキュリティ・サービス） | 1995年創業の当社はITインフラをワンストップで提供し、ソフトウェア開発、サーバ構築、通信・電気工事、サポートデスクを手がけています。 |,
279,株式会社メタテクノ,https://www.meta.co.jp/,211-0063　川崎市中原区小杉町1-403　武蔵小杉タワープレイス10F,,受託開発ソフトウェア、組み込みソフトウェア、ゲーム・アプリソフトウェア、情報処理サービス、その他の情報サービス、ネットワーク・通信関連,組込みソフトからクラウド、Web・モバイルアプリまで幅広い開発に携われるソフトウェア開発会社です。IoTやAIなどの先端技術にも積極的に取り組み、生成AIやクラウド技術を活用したシステム開発を通じて、社会インフラや産業を支え、社会に貢献しています。,新卒採用 | 中途採用 | インターンシップ,,,新卒採用 | 中途採用 | インターンシップ | 211-0063 川崎市中原区小杉町1-403 武蔵小杉タワープレイス10F | 受託開発ソフトウェア、組み込みソフトウェア、ゲーム・アプリソフトウェア、情報処理サービス、その他の情報サービス、ネットワーク・通信関連 | 組込みソフトからクラウド、Web・モバイルアプリまで幅広い開発に携われるソフトウェア開発会社です。IoTやAIなどの先端技術にも積極的に取り組み、生成AIやクラウド技術を活用したシステム開発を通じて、社会インフラや産業を支え、社会に貢献しています。 |,
280,株式会社メディノス 横浜営業所,http://www.medinos.co.jp/,220-0004　横浜市西区北幸1-11-15　横浜STビル6F,,受託開発ソフトウェア、組み込みソフトウェア、SES,,新卒採用 | 中途採用 | 常駐・派遣,,,新卒採用 | 中途採用 | 220-0004 横浜市西区北幸1-11-15 横浜STビル6F | 受託開発ソフトウェア、組み込みソフトウェア、SES |,
281,株式会社メトロ,https://www.metro.co.jp/,141-0032　東京都品川区大崎1-11-1　ゲートシティ大崎ウエストタワー22F,東京都,受託開発ソフトウェア、組み込みソフトウェア、情報処理サービス、情報提供サービス、その他の情報サービス、ネットワーク・通信関連、インターネット利用サポート（情報ネットワーク・セキュリティ・サービス）,,新卒採用 | 中途採用 | 常駐・派遣,,,新卒採用 | 中途採用 | 141-0032 東京都品川区大崎1-11-1 ゲートシティ大崎ウエストタワー22F | 受託開発ソフトウェア、組み込みソフトウェア、情報処理サービス、情報提供サービス、その他の情報サービス、ネットワーク・通信関連、インターネット利用サポート（情報ネットワーク・セキュリティ・サービス） |,
282,メトロホールディングス株式会社,,156-0051　東京都世田谷区宮坂1-34-19,東京都,特長,,,,,156-0051 東京都世田谷区宮坂1-34-19 |,
283,株式会社メリウステック,https://www.melius-tech.co.jp/,221-0834　横浜市神奈川区台町13番地20　カーサブランカビル501号室,,パッケージソフトウェア、情報処理サービス、ネットワーク・通信関連、SES,製造業のお客様向けのPLM、MES、SCM領域のシステム構築を得意分野としています。,新卒採用 | 中途採用,,,新卒採用 | 中途採用 | 221-0834 横浜市神奈川区台町13番地20 カーサブランカビル501号室 | パッケージソフトウェア、情報処理サービス、ネットワーク・通信関連、SES | 製造業のお客様向けのPLM、MES、SCM領域のシステム構築を得意分野としています。 | システム導入により企業全体の生産効率、品質をより一層強化することが可能です。 |,
284,モトミ株式会社,http://www.motomi.co.jp/,231-0002　横浜市中区海岸通4-7　東信ビル6F,,特長,,,,,231-0002 横浜市中区海岸通4-7 東信ビル6F |,
285,株式会社八芝ソフトエンジニアリング,http://www.yashiba.co.jp,230-0071　横浜市鶴見区駒岡5-10-15,,受託開発ソフトウェア、組み込みソフトウェア、情報処理サービス、ネットワーク・通信関連,,新卒採用 | 中途採用 | 常駐・派遣,,,新卒採用 | 中途採用 | 230-0071 横浜市鶴見区駒岡5-10-15 | 受託開発ソフトウェア、組み込みソフトウェア、情報処理サービス、ネットワーク・通信関連 |,
286,株式会社ユーコム,https://www.ucm.co.jp,210-0007　川崎市川崎区駅前本町11-1　パシフィックマークス川崎10F,,受託開発ソフトウェア、パッケージソフトウェア、ネットワーク・通信関連、インターネット利用サポート（情報ネットワーク・セキュリティ・サービス）,誠心誠意の企業理念の下、多くのお客様とＷｉｎ－Ｗｉｎの関係を築いていきたい・・・ユーコムは人と情報を結ぶ架け橋になれるよう、これからもチャレンジし続けてまいります。,新卒採用 | インターンシップ | 常駐・派遣,,,新卒採用 | インターンシップ | 210-0007 川崎市川崎区駅前本町11-1 パシフィックマークス川崎10F | 受託開発ソフトウェア、パッケージソフトウェア、ネットワーク・通信関連、インターネット利用サポート（情報ネットワーク・セキュリティ・サービス） | 誠心誠意の企業理念の下、多くのお客様とＷｉｎ－Ｗｉｎの関係を築いていきたい・・・ユーコムは人と情報を結ぶ架け橋になれるよう、これからもチャレンジし続けてまいります。 |,
287,株式会社 ユーズウェア,http://www.useware.co.jp,220-0011　横浜市西区高島2-10-13　横浜東口ビル2F,,特長,ユーズウェアは、さまざまに変化する時代のサイクルを真摯に見つめながら、あらゆるニーズに最高のソフトウェアを提供することはもちろん、よりよい未来のための環境づくりに、高度な組織力で貢献していきます。,,,,220-0011 横浜市西区高島2-10-13 横浜東口ビル2F | ユーズウェアは、さまざまに変化する時代のサイクルを真摯に見つめながら、あらゆるニーズに最高のソフトウェアを提供することはもちろん、よりよい未来のための環境づくりに、高度な組織力で貢献していきます。 |,
288,株式会社ユーソフト,http://www.usoft.co.jp/,160-0023　東京都新宿区西新宿7-5-25　西新宿プライムスクエア4F,東京都,受託開発ソフトウェア、SES,,新卒採用 | 中途採用 | インターンシップ | 常駐・派遣,,,新卒採用 | 中途採用 | インターンシップ | 160-0023 東京都新宿区西新宿7-5-25 西新宿プライムスクエア4F | 受託開発ソフトウェア、SES |,
289,ユニインフォーメーション株式会社,http://www.uni-info.co.jp/,144-0052　東京都大田区蒲田5-28-4　ECS第27ビル7F,東京都,特長,,,,,144-0052 東京都大田区蒲田5-28-4 ECS第27ビル7F |,
290,株式会社ユニテック,https://www.unitec-net.co.jp/,101-0042　東京都千代田区神田東松下町41-2　ウエキビル3F,東京都,受託開発ソフトウェア、パッケージソフトウェア、情報処理サービス、その他の情報サービス,建設業をはじめ、流通、物流・製造など、さまざまな業種のベストなITソリューションを提供するシステムインテグレーターです。,新卒採用 | 中途採用,,,新卒採用 | 中途採用 | 101-0042 東京都千代田区神田東松下町41-2 ウエキビル3F | 受託開発ソフトウェア、パッケージソフトウェア、情報処理サービス、その他の情報サービス | 建設業をはじめ、流通、物流・製造など、さまざまな業種のベストなITソリューションを提供するシステムインテグレーターです。 | 30年以上にわたり、お客様が求めるITサービスは何かということを常にお客様の観点で考え、最適かつ最高のサービスの提供を通じてお客様と社会に貢献することを使命として、企業活動を展開しております。 |,
291,株式会社横浜電算,https://yokohamadensan.com/,220-0003　横浜市西区楠町4-7　横浜楠町ビル8F,,受託開発ソフトウェア、情報処理サービス、インターネット利用サポート（情報ネットワーク・セキュリティ・サービス）,,新卒採用 | 中途採用 | 常駐・派遣,,,新卒採用 | 中途採用 | 220-0003 横浜市西区楠町4-7 横浜楠町ビル8F | 受託開発ソフトウェア、情報処理サービス、インターネット利用サポート（情報ネットワーク・セキュリティ・サービス） |,
292,株式会社ライトウェア,http://www.lightware.co.jp/,171-0021　東京都豊島区西池袋2-39-6　池袋ツルミビル5F,東京都,受託開発ソフトウェア、情報提供サービス、SES,・Webアプリケーション開発に特化,新卒採用 | 中途採用 | インターンシップ | 常駐・派遣,,,新卒採用 | 中途採用 | インターンシップ | 171-0021 東京都豊島区西池袋2-39-6 池袋ツルミビル5F | 受託開発ソフトウェア、情報提供サービス、SES | ・Webアプリケーション開発に特化 | ・案件情報マッチングサイト | 【ライトスタッフ】 の運営 | https://startlightstaff.com/ |,
293,株式会社Ｌｕｓｔｅｒ Ａｕｇｍｅｎｔａｔｉｏｎ,https://luster-augmentation.com/,104-0028　東京都中央区八重洲2-2-1　八重洲セントラルタワー7階　ワークスタイリング東京ミッドタウン八重洲内,東京都,情報処理サービス,クラウド（Azure、AWS）、AI、BI導入で顧客伴奏型支援に強みを持つ企業です。,中途採用 | 常駐・派遣,,,中途採用 | 104-0028 東京都中央区八重洲2-2-1 八重洲セントラルタワー7階 ワークスタイリング東京ミッドタウン八重洲内 | 情報処理サービス | クラウド（Azure、AWS）、AI、BI導入で顧客伴奏型支援に強みを持つ企業です。 |,
294,株式会社ラピス,https://www.kk-lapis.co.jp/,220-0011　横浜市西区高島2-14-12 横浜ジャスト2号館,,受託開発ソフトウェア、ネットワーク・通信関連、SES,,新卒採用 | インターンシップ | 常駐・派遣,,,新卒採用 | インターンシップ | 220-0011 横浜市西区高島2-14-12 横浜ジャスト2号館 | 受託開発ソフトウェア、ネットワーク・通信関連、SES |,
295,株式会社ラン,http://lan-world.jp/,227-0048　横浜市青葉区柿の木台14-7　グレイスムラタⅡ-201,,SES,,常駐・派遣,,,227-0048 横浜市青葉区柿の木台14-7 グレイスムラタⅡ-201 | SES |,
296,株式会社ＬＩＡスタッフィング,https://lia-staffing.co.jp/,221-0056　横浜市神奈川区金港町7-3　金港ビル7階,,SES、その他インターネット付随サービス,ヘルプデスク・カスタマーサポートの領域を得意としております。,中途採用,,,中途採用 | 221-0056 横浜市神奈川区金港町7-3 金港ビル7階 | SES、その他インターネット付随サービス | ヘルプデスク・カスタマーサポートの領域を得意としております。 | 人材紹介・人材派遣の事業もございますので、母集団形成に強みがあり、採用周りのご支援をさせていただいております。 |,
297,株式会社リアルソフト,http://www.realsoft.co.jp,231-0032　横浜市中区不老町1-2-1　中央第6関内ビル502,,特長,,,,,231-0032 横浜市中区不老町1-2-1 中央第6関内ビル502 |,
298,株式会社リッケイ,https://rikkeisoft.com/ja/company-overview/,108-0023　東京都港区芝浦3-1-21　msb Tamachi田町ステーションタワーS　10F,東京都,受託開発ソフトウェア、組み込みソフトウェア、パッケージソフトウェア、ゲーム・アプリソフトウェア、SES,"当社は、2,000名以上のITエンジニアを擁し、13年以上にわたり日本企業のDXを支援してきたDX・AI開発パートナーです。日本とベトナムの連携によるハイブリッド開発体制を強みに、日本語で円滑に対応し、安心してDXを推進できる体制を提供しています。製造・物流・小売・金融業を中心に、幅広い業種にクラウド技術やAIを活用した業務効率化、モダナイゼーション、システム連携などを支援し、生成AIなど先端技術による価値創造を推進しています。",中途採用 | 常駐・派遣,,,"中途採用 | 108-0023 東京都港区芝浦3-1-21 msb Tamachi田町ステーションタワーS 10F | 受託開発ソフトウェア、組み込みソフトウェア、パッケージソフトウェア、ゲーム・アプリソフトウェア、SES | 当社は、2,000名以上のITエンジニアを擁し、13年以上にわたり日本企業のDXを支援してきたDX・AI開発パートナーです。日本とベトナムの連携によるハイブリッド開発体制を強みに、日本語で円滑に対応し、安心してDXを推進できる体制を提供しています。製造・物流・小売・金融業を中心に、幅広い業種にクラウド技術やAIを活用した業務効率化、モダナイゼーション、システム連携などを支援し、生成AIなど先端技術による価値創造を推進しています。 |",
299,株式会社リライフ・ジャパン,http://www.rlj.co.jp/,141-0031　東京都品川区西五反田2-12-3　第一誠実ビル,東京都,受託開発ソフトウェア、SES,証券業務システムのPMOを得意領域としている,新卒採用 | 中途採用 | 常駐・派遣,,,新卒採用 | 中途採用 | 141-0031 東京都品川区西五反田2-12-3 第一誠実ビル | 受託開発ソフトウェア、SES | 証券業務システムのPMOを得意領域としている |,
300,株式会社リンク,https://www.link.co.jp/,107-0061　東京都港区北青山2-14-4　the ARGYLE aoyama 14F,東京都,ポータルサイト・サーバ運営,,中途採用,,,中途採用 | 107-0061 東京都港区北青山2-14-4 the ARGYLE aoyama 14F | ポータルサイト・サーバ運営 |,
301,株式会社ルーシップ,https://www.rootship.co.jp/,102-0074　東京都千代田区九段南4-8-8　日本YWCA会館4F,東京都,受託開発ソフトウェア、パッケージソフトウェア、情報処理サービス,当社は、開発・運用のプロとして、クライアントや開発パートナーに常に高い評価を受けており、お客様と一番近いプロジェクトメンバを会社全体としてフォローし、高いパフォーマンスを発揮できるように組織的に取り組んでおります。,新卒採用 | 中途採用,,,新卒採用 | 中途採用 | 102-0074 東京都千代田区九段南4-8-8 日本YWCA会館4F | 受託開発ソフトウェア、パッケージソフトウェア、情報処理サービス | 当社は、開発・運用のプロとして、クライアントや開発パートナーに常に高い評価を受けており、お客様と一番近いプロジェクトメンバを会社全体としてフォローし、高いパフォーマンスを発揮できるように組織的に取り組んでおります。 | プロジェクト単位に組織を構成し、プロジェクト解散と共に組織をリリースする流動的な体制を取る事により、お客様のご要望に柔軟に応えると共に、社員同士の交流を促し、社員自身の成長を図り、フラットなワークスタイルで働きやすさを追求しております。 | また、当社は、株式会社システムクォートより、2013年に分社した会社となります。システムクォートは、1984年に設立され、人材育成に重きを置く経営スタイルにより、今まで6社の分社を果たしており、分社した会社からのさらに分社した会社を含めると15社に上ります。 | 分社した会社とは資本関係は一切なく、各社の経理業務をシステムクォートが委託し、オフィスフロアの共有化を図る事により、固定経費を削減し、各社が事業に専念できる関係性を維持しております。現在は、9社で構成しております。 |,
302,株式会社ＬＯＣＵＳ ＯＮＥ,https://locusone.co.jp/,220-0011　横浜市西区高島1-2-5 横濱ゲートタワー3F,,受託開発ソフトウェア、情報処理サービス、情報提供サービス、その他の情報サービス、ネットワーク・通信関連、ポータルサイト・サーバ運営、SES、インターネット利用サポート（情報ネットワーク・セキュリティ・サービス）,,新卒採用 | 中途採用 | 常駐・派遣,,,新卒採用 | 中途採用 | 220-0011 横浜市西区高島1-2-5 横濱ゲートタワー3F | 受託開発ソフトウェア、情報処理サービス、情報提供サービス、その他の情報サービス、ネットワーク・通信関連、ポータルサイト・サーバ運営、SES、インターネット利用サポート（情報ネットワーク・セキュリティ・サービス） |,
303,ロケットソフトウェアジャパン株式会社,http://www.rocketsoftware.com/ja/,220-0012　横浜市西区みなとみらい3-6-3　MMパークビル,,特長,,,,,220-0012 横浜市西区みなとみらい3-6-3 MMパークビル |,
304,株式会社ワールドインテック,https://www.witc.co.jp/service/si-c/,105-0021　東京都港区東新橋2-14-1　NBFコモディオ汐留4F,東京都,SES,,常駐・派遣,,,105-0021 東京都港区東新橋2-14-1 NBFコモディオ汐留4F | SES |,
305,株式会社ワイイーシーソリューションズ,http://www.yec.ne.jp/,231-0023　横浜市中区山下町22 山下町SSKビル,,受託開発ソフトウェア、パッケージソフトウェア、情報処理サービス、ネットワーク・通信関連、ポータルサイト・サーバ運営、インターネット利用サポート（情報ネットワーク・セキュリティ・サービス）,,新卒採用 | 中途採用,,,新卒採用 | 中途採用 | 231-0023 横浜市中区山下町22 山下町SSKビル | 受託開発ソフトウェア、パッケージソフトウェア、情報処理サービス、ネットワーク・通信関連、ポータルサイト・サーバ運営、インターネット利用サポート（情報ネットワーク・セキュリティ・サービス） |,
306,株式会社ＹＳＬソリューション,http://www.ysl.co.jp,231-0033　横浜市中区長者町4-9-1,,受託開発ソフトウェア、パッケージソフトウェア、情報処理サービス、ネットワーク・通信関連,,新卒採用 | 中途採用 | 常駐・派遣,,,新卒採用 | 中途採用 | 231-0033 横浜市中区長者町4-9-1 | 受託開発ソフトウェア、パッケージソフトウェア、情報処理サービス、ネットワーク・通信関連 |,
